VARIABLE,TYPE,NGENES,BETA,BETA_STD,SE,P,FULL_NAME,group,p_adj,log_p
Arterial,SET,1830,0.041798,0.012524,0.023837,0.039766,Arterial,all_controls_EUROPEUKBB_35k10k_noAPOE,1,-0
Arteriolar-SMC,SET,426,0.027175,0.004092,0.047285,0.28275,Arteriolar-SMC,all_controls_EUROPEUKBB_35k10k_noAPOE,1,-0
Artirial-FB,SET,125,-0.0016882,-1.3885e-4,0.081808,0.50823,Artirial-FB,all_controls_EUROPEUKBB_35k10k_noAPOE,1,-0
Astrocyte-activated,SET,1002,0.044943,0.010211,0.031188,0.074793,Astrocyte-activated,all_controls_EUROPEUKBB_35k10k_noAPOE,1,-0
Astrocyte-quiescent,SET,1780,0.027489,0.0081354,0.023707,0.12313,Astrocyte-quiescent,all_controls_EUROPEUKBB_35k10k_noAPOE,1,-0
Capillary,SET,1572,0.034688,0.0097077,0.025433,0.086313,Capillary,all_controls_EUROPEUKBB_35k10k_noAPOE,1,-0
Ex-Neuron-ADARB2-ERBB4,SET,118,7.6744e-4,6.134e-5,0.090844,0.49663,Ex-Neuron-ADARB2-ERBB4,all_controls_EUROPEUKBB_35k10k_noAPOE,1,-0
Ex-Neuron-CBLN2-NRGN,SET,102,-0.053289,-0.0039618,0.095673,0.71123,Ex-Neuron-CBLN2-NRGN,all_controls_EUROPEUKBB_35k10k_noAPOE,1,-0
Ex-Neuron-DLC1-HS3ST4,SET,1025,0.006012,0.0013806,0.031239,0.4237,Ex-Neuron-DLC1-HS3ST4,all_controls_EUROPEUKBB_35k10k_noAPOE,1,-0
Ex-Neuron-L2-3-CBLN2-LINC023...,SET,2399,0.015013,0.0050607,0.020909,0.23639,Ex-Neuron-L2-3-CBLN2-LINC02306-CUX2,all_controls_EUROPEUKBB_35k10k_noAPOE,1,-0
Ex-Neuron-L3-5-RORB-PLCH1,SET,749,-0.0015718,-3.1099e-4,0.03682,0.51702,Ex-Neuron-L3-5-RORB-PLCH1,all_controls_EUROPEUKBB_35k10k_noAPOE,1,-0
Ex-Neuron-L4-5-RORB-IL1RAPL2,SET,1902,0.0064062,0.0019526,0.023372,0.39201,Ex-Neuron-L4-5-RORB-IL1RAPL2,all_controls_EUROPEUKBB_35k10k_noAPOE,1,-0
Ex-Neuron-L6-THEMIS-NFIA,SET,1062,-0.014872,-0.0034725,0.03069,0.68601,Ex-Neuron-L6-THEMIS-NFIA,all_controls_EUROPEUKBB_35k10k_noAPOE,1,-0
In-Neuron-ADARB2-GRM7,SET,779,-0.0071481,-0.0014411,0.036564,0.57749,In-Neuron-ADARB2-GRM7,all_controls_EUROPEUKBB_35k10k_noAPOE,1,-0
In-Neuron-ADARB2-IL1RAPL2-CS...,SET,339,0.0096331,0.0012971,0.05532,0.43088,In-Neuron-ADARB2-IL1RAPL2-CSCL14,all_controls_EUROPEUKBB_35k10k_noAPOE,1,-0
In-Neuron-ADARB2-LAMP5-NRG1,SET,670,0.020527,0.0038499,0.038584,0.29736,In-Neuron-ADARB2-LAMP5-NRG1,all_controls_EUROPEUKBB_35k10k_noAPOE,1,-0
In-Neuron-ADARB2-NRG1-RELN,SET,104,0.071195,0.0053443,0.101,0.24045,In-Neuron-ADARB2-NRG1-RELN,all_controls_EUROPEUKBB_35k10k_noAPOE,1,-0
In-Neuron-DPP10-MEF2C,SET,257,-0.035969,-0.0042266,0.062583,0.71726,In-Neuron-DPP10-MEF2C,all_controls_EUROPEUKBB_35k10k_noAPOE,1,-0
In-Neuron-PRKG1-TBC1D4,SET,871,-0.0020454,-4.349e-4,0.033821,0.52411,In-Neuron-PRKG1-TBC1D4,all_controls_EUROPEUKBB_35k10k_noAPOE,1,-0
In-Neuron-TRHDE-RALYL,SET,375,0.036176,0.0051181,0.052431,0.24511,In-Neuron-TRHDE-RALYL,all_controls_EUROPEUKBB_35k10k_noAPOE,1,-0
M-Pericyte,SET,906,0.095633,0.020717,0.032988,0.0018745,M-Pericyte,all_controls_EUROPEUKBB_35k10k_noAPOE,0.086227,1.0643567235608564
Meningeal-FB,SET,80,-0.0074146,-4.8848e-4,0.10954,0.52698,Meningeal-FB,all_controls_EUROPEUKBB_35k10k_noAPOE,1,-0
Microglia-activated,SET,794,0.11494,0.023384,0.033795,0.00033654000000000003,Microglia-activated,all_controls_EUROPEUKBB_35k10k_noAPOE,0.015480840000000001,1.8102054779252656
Microglia-quiescent,SET,370,0.16956,0.023833,0.050453,3.8942e-4,Microglia-quiescent,all_controls_EUROPEUKBB_35k10k_noAPOE,0.01791332,1.7468239158786674
Microglia-vascular,SET,80,0.37154,0.024477,0.096213,5.6557e-5,Microglia-vascular,all_controls_EUROPEUKBB_35k10k_noAPOE,0.002601622,2.584755803562116
OPC-A,SET,548,-0.0025764,-4.3851e-4,0.043017,0.52388,OPC-A,all_controls_EUROPEUKBB_35k10k_noAPOE,1,-0
OPC-B,SET,930,0.025192,0.0055254,0.033266,0.22445,OPC-B,all_controls_EUROPEUKBB_35k10k_noAPOE,1,-0
Oligo-A,SET,2370,0.03871,0.012982,0.021099,0.033288,Oligo-A,all_controls_EUROPEUKBB_35k10k_noAPOE,1,-0
Oligo-B,SET,1585,0.067766,0.019036,0.02522,0.0036085,Oligo-B,all_controls_EUROPEUKBB_35k10k_noAPOE,0.165991,0.7799154586846337
Pericyte,SET,445,0.067664,0.010408,0.046494,0.0728,Pericyte,all_controls_EUROPEUKBB_35k10k_noAPOE,1,-0
Pericyte-2,SET,466,0.075856,0.011933,0.046173,0.050216,Pericyte-2,all_controls_EUROPEUKBB_35k10k_noAPOE,1,-0
Pericyte-FB,SET,71,-0.015362,-9.5367e-4,0.11239,0.55436,Pericyte-FB,all_controls_EUROPEUKBB_35k10k_noAPOE,1,-0
Perivascular,SET,95,0.37717,0.027066,0.089253,1.1972e-5,Perivascular,all_controls_EUROPEUKBB_35k10k_noAPOE,5.50712e-4,3.2590754601502723
Perivascular-FB,SET,111,-0.062797,-0.004869,0.087854,0.76262,Perivascular-FB,all_controls_EUROPEUKBB_35k10k_noAPOE,1,-0
Perivascular-FB-KAZN2,SET,91,-0.047618,-0.0033448,0.10346,0.67733,Perivascular-FB-KAZN2,all_controls_EUROPEUKBB_35k10k_noAPOE,1,-0
T-Pericyte,SET,951,0.092579,0.020521,0.032353,0.002111,T-Pericyte,all_controls_EUROPEUKBB_35k10k_noAPOE,0.097106,1.0127539350107695
T-cell-mixed,SET,102,0.12729,0.0094632,0.086683,0.071003,T-cell-mixed,all_controls_EUROPEUKBB_35k10k_noAPOE,1,-0
T-cell-parenchymal-1,SET,30,0.1806,0.007296,0.15756,0.12586,T-cell-parenchymal-1,all_controls_EUROPEUKBB_35k10k_noAPOE,1,-0
T-cell-parenchymal-2,SET,21,0.15714,0.0053127,0.18443,0.1971,T-cell-parenchymal-2,all_controls_EUROPEUKBB_35k10k_noAPOE,1,-0
T-cell-vascular,SET,106,0.11528,0.008736,0.087803,0.094609,T-cell-vascular,all_controls_EUROPEUKBB_35k10k_noAPOE,1,-0
Trans-Endo-to-mural,SET,1622,0.051689,0.014672,0.024867,0.018834,Trans-Endo-to-mural,all_controls_EUROPEUKBB_35k10k_noAPOE,0.866364,0.062299602234739855
Vascular-SMC,SET,624,0.0094626,0.0017149,0.039391,0.40508,Vascular-SMC,all_controls_EUROPEUKBB_35k10k_noAPOE,1,-0
Vascular-SMC-LINC00486,SET,92,0.071432,0.0050449,0.10327,0.24457,Vascular-SMC-LINC00486,all_controls_EUROPEUKBB_35k10k_noAPOE,1,-0
Venous,SET,1454,0.017349,0.0046858,0.026048,0.2527,Venous,all_controls_EUROPEUKBB_35k10k_noAPOE,1,-0
ambiguous,SET,256,0.0086779,0.0010178,0.063016,0.44524,ambiguous,all_controls_EUROPEUKBB_35k10k_noAPOE,1,-0
low-feature-cells,SET,132,0.093022,0.0078608,0.085463,0.13821,low-feature-cells,all_controls_EUROPEUKBB_35k10k_noAPOE,1,-0
Arterial,SET,1832,0.040973,0.012262,0.024143,0.04485,Arterial,all_controls_EUROPEUKBB_35k10k,1,-0
Arteriolar-SMC,SET,426,0.025567,0.0038426,0.047951,0.29696,Arteriolar-SMC,all_controls_EUROPEUKBB_35k10k,1,-0
Artirial-FB,SET,125,-0.0038593,-3.1682e-4,0.08296,0.51855,Artirial-FB,all_controls_EUROPEUKBB_35k10k,1,-0
Astrocyte-activated,SET,1003,0.041651,0.0094504,0.031592,0.093698,Astrocyte-activated,all_controls_EUROPEUKBB_35k10k,1,-0
Astrocyte-quiescent,SET,1781,0.024647,0.0072836,0.024026,0.15249,Astrocyte-quiescent,all_controls_EUROPEUKBB_35k10k,1,-0
Capillary,SET,1576,0.036688,0.010262,0.02572,0.076878,Capillary,all_controls_EUROPEUKBB_35k10k,1,-0
Ex-Neuron-ADARB2-ERBB4,SET,118,-0.0045333,-3.6165e-4,0.09212,0.51962,Ex-Neuron-ADARB2-ERBB4,all_controls_EUROPEUKBB_35k10k,1,-0
Ex-Neuron-CBLN2-NRGN,SET,102,-0.060291,-0.0044738,0.097015,0.73285,Ex-Neuron-CBLN2-NRGN,all_controls_EUROPEUKBB_35k10k,1,-0
Ex-Neuron-DLC1-HS3ST4,SET,1027,0.003027,6.9449e-4,0.031645,0.4619,Ex-Neuron-DLC1-HS3ST4,all_controls_EUROPEUKBB_35k10k,1,-0
Ex-Neuron-L2-3-CBLN2-LINC023...,SET,2401,0.013286,0.0044729,0.021194,0.26538,Ex-Neuron-L2-3-CBLN2-LINC02306-CUX2,all_controls_EUROPEUKBB_35k10k,1,-0
Ex-Neuron-L3-5-RORB-PLCH1,SET,749,-0.0059212,-0.0011694,0.037344,0.56299,Ex-Neuron-L3-5-RORB-PLCH1,all_controls_EUROPEUKBB_35k10k,1,-0
Ex-Neuron-L4-5-RORB-IL1RAPL2,SET,1904,0.0037648,0.0011461,0.023681,0.43684,Ex-Neuron-L4-5-RORB-IL1RAPL2,all_controls_EUROPEUKBB_35k10k,1,-0
Ex-Neuron-L6-THEMIS-NFIA,SET,1064,-0.017849,-0.004164,0.031052,0.71729,Ex-Neuron-L6-THEMIS-NFIA,all_controls_EUROPEUKBB_35k10k,1,-0
In-Neuron-ADARB2-GRM7,SET,779,-0.015165,-0.0030519,0.037084,0.65871,In-Neuron-ADARB2-GRM7,all_controls_EUROPEUKBB_35k10k,1,-0
In-Neuron-ADARB2-IL1RAPL2-CS...,SET,339,0.0028552,3.8374e-4,0.056096,0.4797,In-Neuron-ADARB2-IL1RAPL2-CSCL14,all_controls_EUROPEUKBB_35k10k,1,-0
In-Neuron-ADARB2-LAMP5-NRG1,SET,670,0.013578,0.0025419,0.039132,0.36431,In-Neuron-ADARB2-LAMP5-NRG1,all_controls_EUROPEUKBB_35k10k,1,-0
In-Neuron-ADARB2-NRG1-RELN,SET,104,0.062259,0.0046647,0.10242,0.27164,In-Neuron-ADARB2-NRG1-RELN,all_controls_EUROPEUKBB_35k10k,1,-0
In-Neuron-DPP10-MEF2C,SET,257,-0.044173,-0.0051809,0.063475,0.75675,In-Neuron-DPP10-MEF2C,all_controls_EUROPEUKBB_35k10k,1,-0
In-Neuron-PRKG1-TBC1D4,SET,871,-0.0056093,-0.0011905,0.034299,0.56495,In-Neuron-PRKG1-TBC1D4,all_controls_EUROPEUKBB_35k10k,1,-0
In-Neuron-TRHDE-RALYL,SET,375,0.029993,0.0042355,0.053167,0.28634,In-Neuron-TRHDE-RALYL,all_controls_EUROPEUKBB_35k10k,1,-0
M-Pericyte,SET,906,0.092569,0.020018,0.033453,0.0028313,M-Pericyte,all_controls_EUROPEUKBB_35k10k,0.13023980000000002,0.8852562793695167
Meningeal-FB,SET,80,-0.0092968,-6.1131e-4,0.11108,0.53335,Meningeal-FB,all_controls_EUROPEUKBB_35k10k,1,-0
Microglia-activated,SET,795,0.11291,0.022944,0.034227,4.8655e-4,Microglia-activated,all_controls_EUROPEUKBB_35k10k,0.0223813,1.6501146914256544
Microglia-quiescent,SET,370,0.1709,0.023975,0.051168,4.1989e-4,Microglia-quiescent,all_controls_EUROPEUKBB_35k10k,0.019314940000000003,1.7141066366110265
Microglia-vascular,SET,80,0.37217,0.024472,0.097599,6.8838e-5,Microglia-vascular,all_controls_EUROPEUKBB_35k10k,0.003166548,2.4994139243500264
OPC-A,SET,548,-0.0043221,-7.3428e-4,0.043622,0.53946,OPC-A,all_controls_EUROPEUKBB_35k10k,1,-0
OPC-B,SET,930,0.023552,0.0051564,0.033734,0.24255,OPC-B,all_controls_EUROPEUKBB_35k10k,1,-0
Oligo-A,SET,2373,0.040494,0.013565,0.021384,0.029145,Oligo-A,all_controls_EUROPEUKBB_35k10k,1,-0
Oligo-B,SET,1588,0.070649,0.019829,0.025547,0.0028455,Oligo-B,all_controls_EUROPEUKBB_35k10k,0.130893,0.8830835783740821
Pericyte,SET,445,0.066171,0.010159,0.047149,0.080255,Pericyte,all_controls_EUROPEUKBB_35k10k,1,-0
Pericyte-2,SET,467,0.072309,0.011366,0.046703,0.060788,Pericyte-2,all_controls_EUROPEUKBB_35k10k,1,-0
Pericyte-FB,SET,71,-0.017812,-0.0011037,0.11397,0.5621,Pericyte-FB,all_controls_EUROPEUKBB_35k10k,1,-0
Perivascular,SET,95,0.38104,0.027293,0.090533,1.2906e-5,Perivascular,all_controls_EUROPEUKBB_35k10k,5.93676e-4,3.2264505075473195
Perivascular-FB,SET,111,-0.06475,-0.005011,0.089091,0.76632,Perivascular-FB,all_controls_EUROPEUKBB_35k10k,1,-0
Perivascular-FB-KAZN2,SET,91,-0.048593,-0.0034068,0.10492,0.67837,Perivascular-FB-KAZN2,all_controls_EUROPEUKBB_35k10k,1,-0
T-Pericyte,SET,951,0.088853,0.01966,0.032809,0.0033864,T-Pericyte,all_controls_EUROPEUKBB_35k10k,0.1557744,0.807503912852472
T-cell-mixed,SET,102,0.12505,0.0092795,0.087904,0.077432,T-cell-mixed,all_controls_EUROPEUKBB_35k10k,1,-0
T-cell-parenchymal-1,SET,30,0.17959,0.0072415,0.15978,0.13052,T-cell-parenchymal-1,all_controls_EUROPEUKBB_35k10k,1,-0
T-cell-parenchymal-2,SET,21,0.157,0.0052977,0.18703,0.20063,T-cell-parenchymal-2,all_controls_EUROPEUKBB_35k10k,1,-0
T-cell-vascular,SET,106,0.11312,0.0085557,0.08904,0.10198,T-cell-vascular,all_controls_EUROPEUKBB_35k10k,1,-0
Trans-Endo-to-mural,SET,1627,0.052138,0.014795,0.025136,0.019036,Trans-Endo-to-mural,all_controls_EUROPEUKBB_35k10k,0.875656,0.05766647219170606
Vascular-SMC,SET,625,0.0090365,0.001636,0.03987,0.41035,Vascular-SMC,all_controls_EUROPEUKBB_35k10k,1,-0
Vascular-SMC-LINC00486,SET,92,0.066395,0.0046803,0.10473,0.26306,Vascular-SMC-LINC00486,all_controls_EUROPEUKBB_35k10k,1,-0
Venous,SET,1457,0.020174,0.0054447,0.026352,0.22197,Venous,all_controls_EUROPEUKBB_35k10k,1,-0
ambiguous,SET,256,0.0050289,5.8869e-4,0.063901,0.46864,ambiguous,all_controls_EUROPEUKBB_35k10k,1,-0
low-feature-cells,SET,132,0.094153,0.0079413,0.086666000000000007,0.13866,low-feature-cells,all_controls_EUROPEUKBB_35k10k,1,-0
Arterial,SET,1829,0.067683,0.020378,0.025827,0.004392,Arterial,all_controls_EUROPEUKBB_nowindow_noAPOE,0.202032,0.6945798368763905
Arteriolar-SMC,SET,426,0.06945,0.010516,0.051199,0.087481,Arteriolar-SMC,all_controls_EUROPEUKBB_nowindow_noAPOE,1,-0
Artirial-FB,SET,125,-0.091424,-0.0075624,0.092679,0.83804,Artirial-FB,all_controls_EUROPEUKBB_nowindow_noAPOE,1,-0
Astrocyte-activated,SET,1001,0.060368,0.013783,0.034019,0.037994,Astrocyte-activated,all_controls_EUROPEUKBB_nowindow_noAPOE,1,-0
Astrocyte-quiescent,SET,1778,0.030466,0.009058,0.025618,0.11718,Astrocyte-quiescent,all_controls_EUROPEUKBB_nowindow_noAPOE,1,-0
Capillary,SET,1570,0.069351,0.019498,0.027653,0.0060777,Capillary,all_controls_EUROPEUKBB_nowindow_noAPOE,0.2795742,0.5535029091589186
Ex-Neuron-ADARB2-ERBB4,SET,118,0.023813,0.0019141,0.097545,0.40357,Ex-Neuron-ADARB2-ERBB4,all_controls_EUROPEUKBB_nowindow_noAPOE,1,-0
Ex-Neuron-CBLN2-NRGN,SET,102,-0.15938,-0.011917,0.10366,0.93792,Ex-Neuron-CBLN2-NRGN,all_controls_EUROPEUKBB_nowindow_noAPOE,1,-0
Ex-Neuron-DLC1-HS3ST4,SET,1025,0.010331,0.0023852,0.033712,0.37963,Ex-Neuron-DLC1-HS3ST4,all_controls_EUROPEUKBB_nowindow_noAPOE,1,-0
Ex-Neuron-L2-3-CBLN2-LINC023...,SET,2398,-0.0012043,-4.0787e-4,0.022155,0.52167,Ex-Neuron-L2-3-CBLN2-LINC02306-CUX2,all_controls_EUROPEUKBB_nowindow_noAPOE,1,-0
Ex-Neuron-L3-5-RORB-PLCH1,SET,749,-0.0061713,-0.0012277,0.039463,0.56213,Ex-Neuron-L3-5-RORB-PLCH1,all_controls_EUROPEUKBB_nowindow_noAPOE,1,-0
Ex-Neuron-L4-5-RORB-IL1RAPL2,SET,1901,-0.0070491,-0.0021589,0.024646,0.61257,Ex-Neuron-L4-5-RORB-IL1RAPL2,all_controls_EUROPEUKBB_nowindow_noAPOE,1,-0
Ex-Neuron-L6-THEMIS-NFIA,SET,1062,-0.00603,-0.0014156,0.032972,0.57256,Ex-Neuron-L6-THEMIS-NFIA,all_controls_EUROPEUKBB_nowindow_noAPOE,1,-0
In-Neuron-ADARB2-GRM7,SET,779,-0.023352,-0.0047338,0.039173,0.72445,In-Neuron-ADARB2-GRM7,all_controls_EUROPEUKBB_nowindow_noAPOE,1,-0
In-Neuron-ADARB2-IL1RAPL2-CS...,SET,339,0.0068301,0.00092487000000000005,0.059053,0.45396,In-Neuron-ADARB2-IL1RAPL2-CSCL14,all_controls_EUROPEUKBB_nowindow_noAPOE,1,-0
In-Neuron-ADARB2-LAMP5-NRG1,SET,670,-0.020233,-0.0038157,0.041747,0.68604,In-Neuron-ADARB2-LAMP5-NRG1,all_controls_EUROPEUKBB_nowindow_noAPOE,1,-0
In-Neuron-ADARB2-NRG1-RELN,SET,104,0.085476,0.006453,0.10568,0.20931,In-Neuron-ADARB2-NRG1-RELN,all_controls_EUROPEUKBB_nowindow_noAPOE,1,-0
In-Neuron-DPP10-MEF2C,SET,257,-0.055126,-0.0065143,0.067038,0.79455,In-Neuron-DPP10-MEF2C,all_controls_EUROPEUKBB_nowindow_noAPOE,1,-0
In-Neuron-PRKG1-TBC1D4,SET,871,-0.046398,-0.009919,0.036447,0.89849,In-Neuron-PRKG1-TBC1D4,all_controls_EUROPEUKBB_nowindow_noAPOE,1,-0
In-Neuron-TRHDE-RALYL,SET,375,0.019333,0.0027506,0.056573,0.36628,In-Neuron-TRHDE-RALYL,all_controls_EUROPEUKBB_nowindow_noAPOE,1,-0
M-Pericyte,SET,906,0.10544,0.022966,0.035799,0.0016151,M-Pericyte,all_controls_EUROPEUKBB_nowindow_noAPOE,0.0742946,1.1290427511846288
Meningeal-FB,SET,80,-0.081478,-0.0053985,0.11836,0.7544,Meningeal-FB,all_controls_EUROPEUKBB_nowindow_noAPOE,1,-0
Microglia-activated,SET,793,0.08461,0.017298,0.037346,0.011745,Microglia-activated,all_controls_EUROPEUKBB_nowindow_noAPOE,0.54027,0.2673891472048013
Microglia-quiescent,SET,370,0.12353,0.01746,0.055374,0.01285,Microglia-quiescent,all_controls_EUROPEUKBB_nowindow_noAPOE,0.5911,0.2283390406511126
Microglia-vascular,SET,80,0.31571,0.020918,0.10959,0.0019851,Microglia-vascular,all_controls_EUROPEUKBB_nowindow_noAPOE,0.0913146,1.039459778955168
OPC-A,SET,547,-0.027601,-0.0047198,0.0471,0.72106,OPC-A,all_controls_EUROPEUKBB_nowindow_noAPOE,1,-0
OPC-B,SET,929,0.037461,0.008257,0.036488,0.15229,OPC-B,all_controls_EUROPEUKBB_nowindow_noAPOE,1,-0
Oligo-A,SET,2369,0.059697,0.020114,0.022973,0.0046849,Oligo-A,all_controls_EUROPEUKBB_nowindow_noAPOE,0.21550539999999999,0.666541843086452
Oligo-B,SET,1583,0.084675,0.023896,0.026983,8.5159e-4,Oligo-B,all_controls_EUROPEUKBB_nowindow_noAPOE,0.03917314,1.4070116153294048
Pericyte,SET,445,0.078686,0.012171,0.050625,0.060065,Pericyte,all_controls_EUROPEUKBB_nowindow_noAPOE,1,-0
Pericyte-2,SET,466,0.029259,0.0046287,0.049031,0.27534,Pericyte-2,all_controls_EUROPEUKBB_nowindow_noAPOE,1,-0
Pericyte-FB,SET,71,-0.06819,-0.0042574,0.12234,0.71136,Pericyte-FB,all_controls_EUROPEUKBB_nowindow_noAPOE,1,-0
Perivascular,SET,95,0.27181,0.019617,0.10433,0.0045928,Perivascular,all_controls_EUROPEUKBB_nowindow_noAPOE,0.2112688,0.675164634458863
Perivascular-FB,SET,111,-0.063736,-0.0049701,0.10118,0.73562,Perivascular-FB,all_controls_EUROPEUKBB_nowindow_noAPOE,1,-0
Perivascular-FB-KAZN2,SET,91,-0.04951,-0.0034976,0.11312,0.66919,Perivascular-FB-KAZN2,all_controls_EUROPEUKBB_nowindow_noAPOE,1,-0
T-Pericyte,SET,951,0.090217,0.020106,0.034936,0.0049104,T-Pericyte,all_controls_EUROPEUKBB_nowindow_noAPOE,0.22587839999999998,0.6461252972306786
T-cell-mixed,SET,102,0.071971,0.0053812,0.10229,0.24084,T-cell-mixed,all_controls_EUROPEUKBB_nowindow_noAPOE,1,-0
T-cell-parenchymal-1,SET,30,0.053946,0.0021918,0.19058,0.38857,T-cell-parenchymal-1,all_controls_EUROPEUKBB_nowindow_noAPOE,1,-0
T-cell-parenchymal-2,SET,21,0.013732,4.6692e-4,0.21888,0.47499,T-cell-parenchymal-2,all_controls_EUROPEUKBB_nowindow_noAPOE,1,-0
T-cell-vascular,SET,106,0.16944,0.012914,0.10088,0.046525,T-cell-vascular,all_controls_EUROPEUKBB_nowindow_noAPOE,1,-0
Trans-Endo-to-mural,SET,1621,0.084595,0.02413,0.026886,8.2773e-4,Trans-Endo-to-mural,all_controls_EUROPEUKBB_nowindow_noAPOE,0.038075580000000005,1.4193534723942576
Vascular-SMC,SET,624,0.068675,0.012515,0.042788,0.054254,Vascular-SMC,all_controls_EUROPEUKBB_nowindow_noAPOE,1,-0
Vascular-SMC-LINC00486,SET,92,0.069183,0.004914,0.10898,0.26277,Vascular-SMC-LINC00486,all_controls_EUROPEUKBB_nowindow_noAPOE,1,-0
Venous,SET,1453,0.037354,0.010139,0.028344,0.09378,Venous,all_controls_EUROPEUKBB_nowindow_noAPOE,1,-0
ambiguous,SET,256,-0.0017901,-2.1113e-4,0.067529,0.51057,ambiguous,all_controls_EUROPEUKBB_nowindow_noAPOE,1,-0
low-feature-cells,SET,132,0.062344,0.0052984,0.090747,0.24604,low-feature-cells,all_controls_EUROPEUKBB_nowindow_noAPOE,1,-0
Arterial,SET,1832,0.067299,0.020242,0.026166,0.0050602,Arterial,all_controls_EUROPEUKBB_nowindow,0.2327692,0.6330744860280642
Arteriolar-SMC,SET,426,0.066591,0.010064,0.051916,0.099813,Arteriolar-SMC,all_controls_EUROPEUKBB_nowindow,1,-0
Artirial-FB,SET,125,-0.092774,-0.0076592,0.093979,0.83822,Artirial-FB,all_controls_EUROPEUKBB_nowindow,1,-0
Astrocyte-activated,SET,1002,0.066568,0.015178,0.034475,0.026757,Astrocyte-activated,all_controls_EUROPEUKBB_nowindow,1,-0
Astrocyte-quiescent,SET,1779,0.031532,0.0093609,0.025968,0.11234,Astrocyte-quiescent,all_controls_EUROPEUKBB_nowindow,1,-0
Capillary,SET,1575,0.07076,0.019888,0.027988,0.0057359,Capillary,all_controls_EUROPEUKBB_nowindow,0.2638514,0.5786405971068628
Ex-Neuron-ADARB2-ERBB4,SET,118,0.020861,0.0016736,0.098908,0.41648,Ex-Neuron-ADARB2-ERBB4,all_controls_EUROPEUKBB_nowindow,1,-0
Ex-Neuron-CBLN2-NRGN,SET,102,-0.16542,-0.012344,0.1051,0.94223,Ex-Neuron-CBLN2-NRGN,all_controls_EUROPEUKBB_nowindow,1,-0
Ex-Neuron-DLC1-HS3ST4,SET,1027,0.0070073999999999996,0.0016164,0.034136,0.41868,Ex-Neuron-DLC1-HS3ST4,all_controls_EUROPEUKBB_nowindow,1,-0
Ex-Neuron-L2-3-CBLN2-LINC023...,SET,2401,-0.0045975,-0.0015553,0.022448,0.58114,Ex-Neuron-L2-3-CBLN2-LINC02306-CUX2,all_controls_EUROPEUKBB_nowindow,1,-0
Ex-Neuron-L3-5-RORB-PLCH1,SET,749,-0.0095097,-0.0018884,0.040012,0.59393,Ex-Neuron-L3-5-RORB-PLCH1,all_controls_EUROPEUKBB_nowindow,1,-0
Ex-Neuron-L4-5-RORB-IL1RAPL2,SET,1903,-0.010211,-0.0031235,0.024973,0.65869,Ex-Neuron-L4-5-RORB-IL1RAPL2,all_controls_EUROPEUKBB_nowindow,1,-0
Ex-Neuron-L6-THEMIS-NFIA,SET,1064,-0.0087719,-0.0020573,0.03339,0.60361,Ex-Neuron-L6-THEMIS-NFIA,all_controls_EUROPEUKBB_nowindow,1,-0
In-Neuron-ADARB2-GRM7,SET,779,-0.030057,-0.0060817,0.039718,0.7754,In-Neuron-ADARB2-GRM7,all_controls_EUROPEUKBB_nowindow,1,-0
In-Neuron-ADARB2-IL1RAPL2-CS...,SET,339,-0.001864,-2.5193e-4,0.059877,0.51242,In-Neuron-ADARB2-IL1RAPL2-CSCL14,all_controls_EUROPEUKBB_nowindow,1,-0
In-Neuron-ADARB2-LAMP5-NRG1,SET,670,-0.026296,-0.0049499,0.042328,0.73278,In-Neuron-ADARB2-LAMP5-NRG1,all_controls_EUROPEUKBB_nowindow,1,-0
In-Neuron-ADARB2-NRG1-RELN,SET,104,0.07733,0.0058267,0.10716,0.23526,In-Neuron-ADARB2-NRG1-RELN,all_controls_EUROPEUKBB_nowindow,1,-0
In-Neuron-DPP10-MEF2C,SET,257,-0.059865,-0.0070608,0.067973,0.81076,In-Neuron-DPP10-MEF2C,all_controls_EUROPEUKBB_nowindow,1,-0
In-Neuron-PRKG1-TBC1D4,SET,871,-0.050538,-0.010784,0.036956,0.91426,In-Neuron-PRKG1-TBC1D4,all_controls_EUROPEUKBB_nowindow,1,-0
In-Neuron-TRHDE-RALYL,SET,375,0.011252,0.0015978,0.057362,0.42225,In-Neuron-TRHDE-RALYL,all_controls_EUROPEUKBB_nowindow,1,-0
M-Pericyte,SET,906,0.10327,0.022452,0.0363,0.0022242,M-Pericyte,all_controls_EUROPEUKBB_nowindow,0.10231319999999999,0.9900683319052187
Meningeal-FB,SET,80,-0.081819,-0.0054105,0.12002,0.75229,Meningeal-FB,all_controls_EUROPEUKBB_nowindow,1,-0
Microglia-activated,SET,794,0.084377,0.017229,0.037847,0.012899,Microglia-activated,all_controls_EUROPEUKBB_nowindow,0.593354,0.22668612556304457
Microglia-quiescent,SET,370,0.1212,0.017098,0.05615,0.01545,Microglia-quiescent,all_controls_EUROPEUKBB_nowindow,0.7107,0.1483136845575725
Microglia-vascular,SET,80,0.29711,0.019647,0.11111,0.0037522,Microglia-vascular,all_controls_EUROPEUKBB_nowindow,0.17260119999999998,0.7629561892026944
OPC-A,SET,547,-0.029562,-0.0050455,0.04776,0.73203,OPC-A,all_controls_EUROPEUKBB_nowindow,1,-0
OPC-B,SET,929,0.034752,0.0076458,0.036998,0.17379,OPC-B,all_controls_EUROPEUKBB_nowindow,1,-0
Oligo-A,SET,2372,0.059654,0.020077,0.023277,0.0051957,Oligo-A,all_controls_EUROPEUKBB_nowindow,0.2390022,0.62159810138047
Oligo-B,SET,1586,0.086754,0.02446,0.027317,7.4842e-4,Oligo-B,all_controls_EUROPEUKBB_nowindow,0.03442732,1.463096783699993
Pericyte,SET,445,0.074764,0.011542,0.051334,0.072647,Pericyte,all_controls_EUROPEUKBB_nowindow,1,-0
Pericyte-2,SET,467,0.033092,0.0052305,0.049652,0.25256,Pericyte-2,all_controls_EUROPEUKBB_nowindow,1,-0
Pericyte-FB,SET,71,-0.070108,-0.0043687,0.12406,0.714,Pericyte-FB,all_controls_EUROPEUKBB_nowindow,1,-0
Perivascular,SET,95,0.25884,0.018645,0.10579,0.0072114,Perivascular,all_controls_EUROPEUKBB_nowindow,0.3317244,0.479222582759609
Perivascular-FB,SET,111,-0.065822,-0.0051227,0.1026,0.7394,Perivascular-FB,all_controls_EUROPEUKBB_nowindow,1,-0
Perivascular-FB-KAZN2,SET,91,-0.050404,-0.0035538,0.11471,0.66982,Perivascular-FB-KAZN2,all_controls_EUROPEUKBB_nowindow,1,-0
T-Pericyte,SET,951,0.086829,0.019316,0.035425,0.0071267,T-Pericyte,all_controls_EUROPEUKBB_nowindow,0.3278282,0.48435369085819047
T-cell-mixed,SET,102,0.069814,0.0052098,0.10372,0.25045,T-cell-mixed,all_controls_EUROPEUKBB_nowindow,1,-0
T-cell-parenchymal-1,SET,30,0.052174,0.0021157,0.19326,0.39359,T-cell-parenchymal-1,all_controls_EUROPEUKBB_nowindow,1,-0
T-cell-parenchymal-2,SET,21,0.019244,6.5305e-4,0.22195,0.46545,T-cell-parenchymal-2,all_controls_EUROPEUKBB_nowindow,1,-0
T-cell-vascular,SET,106,0.16743,0.012735,0.1023,0.050858,T-cell-vascular,all_controls_EUROPEUKBB_nowindow,1,-0
Trans-Endo-to-mural,SET,1627,0.086992,0.024811,0.027202,6.9328e-4,Trans-Endo-to-mural,all_controls_EUROPEUKBB_nowindow,0.03189088,1.4963334966281263
Vascular-SMC,SET,625,0.073408,0.013363,0.043344,0.045179,Vascular-SMC,all_controls_EUROPEUKBB_nowindow,1,-0
Vascular-SMC-LINC00486,SET,92,0.057335,0.0040645,0.1105,0.30193,Vascular-SMC-LINC00486,all_controls_EUROPEUKBB_nowindow,1,-0
Venous,SET,1457,0.039301,0.010662,0.028692,0.085392,Venous,all_controls_EUROPEUKBB_nowindow,1,-0
ambiguous,SET,256,-0.0050454,-5.9394e-4,0.068474,0.52937,ambiguous,all_controls_EUROPEUKBB_nowindow,1,-0
low-feature-cells,SET,132,0.062001,0.005259,0.09202,0.25023,low-feature-cells,all_controls_EUROPEUKBB_nowindow,1,-0
Arterial,SET,126,-0.13964,-0.01153,0.084239,0.95129,Arterial,controls_parenchymal_EUROPEUKBB_35k10k_noAPOE,1,-0
Arteriolar-SMC,SET,4,0.16742,0.0024714,0.63734,0.3964,Arteriolar-SMC,controls_parenchymal_EUROPEUKBB_35k10k_noAPOE,1,-0
Artirial-FB,SET,17,-0.07935,-0.0024139,0.21798,0.64207,Artirial-FB,controls_parenchymal_EUROPEUKBB_35k10k_noAPOE,1,-0
Astrocyte-activated,SET,1122,0.026252,0.0062894,0.029633,0.18784,Astrocyte-activated,controls_parenchymal_EUROPEUKBB_35k10k_noAPOE,1,-0
Astrocyte-quiescent,SET,1956,0.031038,0.0095779,0.023197,0.090454,Astrocyte-quiescent,controls_parenchymal_EUROPEUKBB_35k10k_noAPOE,1,-0
Capillary,SET,351,-0.018261,-0.0025012,0.05099,0.63988,Capillary,controls_parenchymal_EUROPEUKBB_35k10k_noAPOE,1,-0
Ex-Neuron-ADARB2-ERBB4,SET,131,-0.14554,-0.012252,0.086555000000000007,0.95365,Ex-Neuron-ADARB2-ERBB4,controls_parenchymal_EUROPEUKBB_35k10k_noAPOE,1,-0
Ex-Neuron-CBLN2-NRGN,SET,105,-0.069647,-0.0052531,0.095717,0.76658,Ex-Neuron-CBLN2-NRGN,controls_parenchymal_EUROPEUKBB_35k10k_noAPOE,1,-0
Ex-Neuron-DLC1-HS3ST4,SET,863,0.018241,0.0038614,0.034366,0.29779,Ex-Neuron-DLC1-HS3ST4,controls_parenchymal_EUROPEUKBB_35k10k_noAPOE,1,-0
Ex-Neuron-L2-3-CBLN2-LINC023...,SET,2424,-0.0019697,-6.6691e-4,0.020851,0.53763,Ex-Neuron-L2-3-CBLN2-LINC02306-CUX2,controls_parenchymal_EUROPEUKBB_35k10k_noAPOE,1,-0
Ex-Neuron-L3-5-RORB-PLCH1,SET,576,0.018233,0.0031791,0.042507,0.33399,Ex-Neuron-L3-5-RORB-PLCH1,controls_parenchymal_EUROPEUKBB_35k10k_noAPOE,1,-0
Ex-Neuron-L4-5-RORB-IL1RAPL2,SET,1750,-9.8996e-4,-2.9076e-4,0.024231,0.51629,Ex-Neuron-L4-5-RORB-IL1RAPL2,controls_parenchymal_EUROPEUKBB_35k10k_noAPOE,1,-0
Ex-Neuron-L6-THEMIS-NFIA,SET,884,-0.010546,-0.0022581,0.033512,0.6235,Ex-Neuron-L6-THEMIS-NFIA,controls_parenchymal_EUROPEUKBB_35k10k_noAPOE,1,-0
In-Neuron-ADARB2-GRM7,SET,697,0.0098495,0.0018827,0.038005,0.39776,In-Neuron-ADARB2-GRM7,controls_parenchymal_EUROPEUKBB_35k10k_noAPOE,1,-0
In-Neuron-ADARB2-IL1RAPL2-CS...,SET,228,0.1127,0.012483,0.067846,0.048361,In-Neuron-ADARB2-IL1RAPL2-CSCL14,controls_parenchymal_EUROPEUKBB_35k10k_noAPOE,1,-0
In-Neuron-ADARB2-LAMP5-NRG1,SET,532,0.050163,0.0084162,0.044079,0.12756,In-Neuron-ADARB2-LAMP5-NRG1,controls_parenchymal_EUROPEUKBB_35k10k_noAPOE,1,-0
In-Neuron-ADARB2-NRG1-RELN,SET,108,0.12168,0.0093071,0.09943,0.11053,In-Neuron-ADARB2-NRG1-RELN,controls_parenchymal_EUROPEUKBB_35k10k_noAPOE,1,-0
In-Neuron-DPP10-MEF2C,SET,175,-0.01264,-0.0012285,0.076052,0.566,In-Neuron-DPP10-MEF2C,controls_parenchymal_EUROPEUKBB_35k10k_noAPOE,1,-0
In-Neuron-PRKG1-TBC1D4,SET,761,0.0060493,0.001206,0.036276,0.43378,In-Neuron-PRKG1-TBC1D4,controls_parenchymal_EUROPEUKBB_35k10k_noAPOE,1,-0
In-Neuron-TRHDE-RALYL,SET,290,0.026766,0.0033379,0.059447,0.32627,In-Neuron-TRHDE-RALYL,controls_parenchymal_EUROPEUKBB_35k10k_noAPOE,1,-0
M-Pericyte,SET,66,-0.066867,-0.0040028,0.11569,0.71836,M-Pericyte,controls_parenchymal_EUROPEUKBB_35k10k_noAPOE,1,-0
Meningeal-FB,SET,29,-0.064394,-0.0025578,0.16998,0.64759,Meningeal-FB,controls_parenchymal_EUROPEUKBB_35k10k_noAPOE,1,-0
Microglia-activated,SET,978,0.095307,0.021407,0.030825,9.9632e-4,Microglia-activated,controls_parenchymal_EUROPEUKBB_35k10k_noAPOE,0.044834399999999996,1.3483886378473315
Microglia-quiescent,SET,545,0.113,0.019182,0.041816,0.0034457,Microglia-quiescent,controls_parenchymal_EUROPEUKBB_35k10k_noAPOE,0.15505649999999999,0.8095100233320855
Microglia-vascular,SET,39,-0.16149,-0.0074368,0.14509,0.86714,Microglia-vascular,controls_parenchymal_EUROPEUKBB_35k10k_noAPOE,1,-0
OPC-A,SET,490,0.0017686,2.8511e-4,0.045459,0.48448,OPC-A,controls_parenchymal_EUROPEUKBB_35k10k_noAPOE,1,-0
OPC-B,SET,923,0.027347,0.0059768,0.033358,0.20616,OPC-B,controls_parenchymal_EUROPEUKBB_35k10k_noAPOE,1,-0
Oligo-A,SET,2580,0.014166,0.0049242,0.020635,0.2462,Oligo-A,controls_parenchymal_EUROPEUKBB_35k10k_noAPOE,1,-0
Oligo-B,SET,1350,0.068554,0.017897,0.027003,0.0055677,Oligo-B,controls_parenchymal_EUROPEUKBB_35k10k_noAPOE,0.2505465,0.6011116597397189
Pericyte,SET,24,0.06054,0.0021879,0.18282,0.37027,Pericyte,controls_parenchymal_EUROPEUKBB_35k10k_noAPOE,1,-0
Pericyte-2,SET,71,-0.043628,-0.0027084,0.11054,0.65346,Pericyte-2,controls_parenchymal_EUROPEUKBB_35k10k_noAPOE,1,-0
Perivascular,SET,102,0.31509,0.023425,0.087909,1.6955e-4,Perivascular,controls_parenchymal_EUROPEUKBB_35k10k_noAPOE,0.00762975,2.117489692110551
Perivascular-FB,SET,85,-0.12016,-0.008159,0.097241,0.89171,Perivascular-FB,controls_parenchymal_EUROPEUKBB_35k10k_noAPOE,1,-0
Perivascular-FB-KAZN2,SET,88,-0.012931,-8.9327e-4,0.096908,0.55307,Perivascular-FB-KAZN2,controls_parenchymal_EUROPEUKBB_35k10k_noAPOE,1,-0
T-Pericyte,SET,124,0.034416,0.0028194,0.085163,0.34306,T-Pericyte,controls_parenchymal_EUROPEUKBB_35k10k_noAPOE,1,-0
T-cell-mixed,SET,116,0.19259,0.015263,0.08309,0.010236,T-cell-mixed,controls_parenchymal_EUROPEUKBB_35k10k_noAPOE,0.46062000000000003,0.33665720900950846
T-cell-parenchymal-1,SET,19,0.29566,0.0095082,0.20503,0.074662,T-cell-parenchymal-1,controls_parenchymal_EUROPEUKBB_35k10k_noAPOE,1,-0
T-cell-parenchymal-2,SET,18,0.075554,0.002365,0.19837,0.35165,T-cell-parenchymal-2,controls_parenchymal_EUROPEUKBB_35k10k_noAPOE,1,-0
T-cell-vascular,SET,19,0.12256,0.0039415,0.21097,0.28064,T-cell-vascular,controls_parenchymal_EUROPEUKBB_35k10k_noAPOE,1,-0
Trans-Endo-to-mural,SET,117,-0.049866,-0.0039689,0.087597,0.71541,Trans-Endo-to-mural,controls_parenchymal_EUROPEUKBB_35k10k_noAPOE,1,-0
Vascular-SMC,SET,11,-0.39263,-0.0096098,0.3328,0.88095,Vascular-SMC,controls_parenchymal_EUROPEUKBB_35k10k_noAPOE,1,-0
Vascular-SMC-LINC00486,SET,5,-0.45858,-0.0075683,0.57323,0.78814,Vascular-SMC-LINC00486,controls_parenchymal_EUROPEUKBB_35k10k_noAPOE,1,-0
Venous,SET,226,-0.15145,-0.016702,0.063704,0.99127,Venous,controls_parenchymal_EUROPEUKBB_35k10k_noAPOE,1,-0
ambiguous,SET,141,-0.037513,-0.0032755,0.08544,0.66969,ambiguous,controls_parenchymal_EUROPEUKBB_35k10k_noAPOE,1,-0
low-feature-cells,SET,141,0.10705,0.0093475,0.080997,0.093146,low-feature-cells,controls_parenchymal_EUROPEUKBB_35k10k_noAPOE,1,-0
Arterial,SET,126,-0.14261,-0.011754,0.085425,0.95248,Arterial,controls_parenchymal_EUROPEUKBB_35k10k,1,-0
Arteriolar-SMC,SET,4,0.16496,0.0024304,0.64632,0.39928,Arteriolar-SMC,controls_parenchymal_EUROPEUKBB_35k10k,1,-0
Artirial-FB,SET,17,-0.083264,-0.0025282,0.22105,0.64679,Artirial-FB,controls_parenchymal_EUROPEUKBB_35k10k,1,-0
Astrocyte-activated,SET,1124,0.024682,0.0059078,0.030015,0.20545,Astrocyte-activated,controls_parenchymal_EUROPEUKBB_35k10k,1,-0
Astrocyte-quiescent,SET,1959,0.029162,0.0089899,0.023507,0.10739,Astrocyte-quiescent,controls_parenchymal_EUROPEUKBB_35k10k,1,-0
Capillary,SET,351,-0.022789,-0.0031155,0.051708,0.67029,Capillary,controls_parenchymal_EUROPEUKBB_35k10k,1,-0
Ex-Neuron-ADARB2-ERBB4,SET,131,-0.15033,-0.012632000000000001,0.087771,0.95661,Ex-Neuron-ADARB2-ERBB4,controls_parenchymal_EUROPEUKBB_35k10k,1,-0
Ex-Neuron-CBLN2-NRGN,SET,105,-0.072215,-0.0054364,0.097065,0.77155,Ex-Neuron-CBLN2-NRGN,controls_parenchymal_EUROPEUKBB_35k10k,1,-0
Ex-Neuron-DLC1-HS3ST4,SET,865,0.013764,0.0029116,0.034773,0.34612,Ex-Neuron-DLC1-HS3ST4,controls_parenchymal_EUROPEUKBB_35k10k,1,-0
Ex-Neuron-L2-3-CBLN2-LINC023...,SET,2425,-0.0034287,-0.0011592,0.021135,0.56444,Ex-Neuron-L2-3-CBLN2-LINC02306-CUX2,controls_parenchymal_EUROPEUKBB_35k10k,1,-0
Ex-Neuron-L3-5-RORB-PLCH1,SET,576,0.014229,0.0024763,0.043106,0.37067,Ex-Neuron-L3-5-RORB-PLCH1,controls_parenchymal_EUROPEUKBB_35k10k,1,-0
Ex-Neuron-L4-5-RORB-IL1RAPL2,SET,1753,-0.0014413,-4.2291e-4,0.024537,0.52342,Ex-Neuron-L4-5-RORB-IL1RAPL2,controls_parenchymal_EUROPEUKBB_35k10k,1,-0
Ex-Neuron-L6-THEMIS-NFIA,SET,885,-0.017123,-0.0036617,0.033883,0.69334,Ex-Neuron-L6-THEMIS-NFIA,controls_parenchymal_EUROPEUKBB_35k10k,1,-0
In-Neuron-ADARB2-GRM7,SET,697,0.0046981,8.9639e-4,0.038541,0.45149,In-Neuron-ADARB2-GRM7,controls_parenchymal_EUROPEUKBB_35k10k,1,-0
In-Neuron-ADARB2-IL1RAPL2-CS...,SET,228,0.10576,0.011693,0.068799,0.062128,In-Neuron-ADARB2-IL1RAPL2-CSCL14,controls_parenchymal_EUROPEUKBB_35k10k,1,-0
In-Neuron-ADARB2-LAMP5-NRG1,SET,532,0.044498,0.0074519,0.044697,0.15974,In-Neuron-ADARB2-LAMP5-NRG1,controls_parenchymal_EUROPEUKBB_35k10k,1,-0
In-Neuron-ADARB2-NRG1-RELN,SET,108,0.11314,0.0086376,0.10083,0.13091,In-Neuron-ADARB2-NRG1-RELN,controls_parenchymal_EUROPEUKBB_35k10k,1,-0
In-Neuron-DPP10-MEF2C,SET,175,-0.021591,-0.0020943,0.077118,0.61025,In-Neuron-DPP10-MEF2C,controls_parenchymal_EUROPEUKBB_35k10k,1,-0
In-Neuron-PRKG1-TBC1D4,SET,761,0.0049145,9.7801e-4,0.036786,0.44686,In-Neuron-PRKG1-TBC1D4,controls_parenchymal_EUROPEUKBB_35k10k,1,-0
In-Neuron-TRHDE-RALYL,SET,290,0.018669,0.0023238,0.06028,0.37839,In-Neuron-TRHDE-RALYL,controls_parenchymal_EUROPEUKBB_35k10k,1,-0
M-Pericyte,SET,66,-0.067261,-0.0040187,0.11732,0.71678,M-Pericyte,controls_parenchymal_EUROPEUKBB_35k10k,1,-0
Meningeal-FB,SET,29,-0.067843,-0.0026896,0.17237,0.65305,Meningeal-FB,controls_parenchymal_EUROPEUKBB_35k10k,1,-0
Microglia-activated,SET,979,0.093895,0.021062,0.031226,0.0013215,Microglia-activated,controls_parenchymal_EUROPEUKBB_35k10k,0.0594675,1.2257203187569272
Microglia-quiescent,SET,545,0.11114,0.018832,0.042407,0.0043895,Microglia-quiescent,controls_parenchymal_EUROPEUKBB_35k10k,0.1975275,0.7043724328636071
Microglia-vascular,SET,39,-0.17365,-0.0079814,0.14713,0.88104,Microglia-vascular,controls_parenchymal_EUROPEUKBB_35k10k,1,-0
OPC-A,SET,490,2.386e-4,3.8392e-5,0.046099,0.49794,OPC-A,controls_parenchymal_EUROPEUKBB_35k10k,1,-0
OPC-B,SET,923,0.025621,0.0055894,0.033827,0.22441,OPC-B,controls_parenchymal_EUROPEUKBB_35k10k,1,-0
Oligo-A,SET,2582,0.014197,0.0049284,0.020922,0.24872,Oligo-A,controls_parenchymal_EUROPEUKBB_35k10k,1,-0
Oligo-B,SET,1352,0.070072,0.018273,0.027371,0.0052371,Oligo-B,controls_parenchymal_EUROPEUKBB_35k10k,0.23566949999999998,0.6276966195919207
Pericyte,SET,24,0.058078,0.0020949,0.1854,0.37704,Pericyte,controls_parenchymal_EUROPEUKBB_35k10k,1,-0
Pericyte-2,SET,71,-0.04613,-0.0028583,0.11209,0.65966,Pericyte-2,controls_parenchymal_EUROPEUKBB_35k10k,1,-0
Perivascular,SET,102,0.31571,0.023427,0.089151,1.9964e-4,Perivascular,controls_parenchymal_EUROPEUKBB_35k10k,0.0089838,2.0465399250305714
Perivascular-FB,SET,85,-0.12239,-0.0082946,0.09861,0.89272,Perivascular-FB,controls_parenchymal_EUROPEUKBB_35k10k,1,-0
Perivascular-FB-KAZN2,SET,88,-0.014645,-0.0010098,0.098273,0.55923,Perivascular-FB-KAZN2,controls_parenchymal_EUROPEUKBB_35k10k,1,-0
T-Pericyte,SET,124,0.033213,0.0027157,0.086362,0.35028,T-Pericyte,controls_parenchymal_EUROPEUKBB_35k10k,1,-0
T-cell-mixed,SET,116,0.19197,0.015185,0.084263,0.011364,T-cell-mixed,controls_parenchymal_EUROPEUKBB_35k10k,0.5113800000000001,0.291256261173758
T-cell-parenchymal-1,SET,19,0.29467,0.0094584,0.20792,0.078218,T-cell-parenchymal-1,controls_parenchymal_EUROPEUKBB_35k10k,1,-0
T-cell-parenchymal-2,SET,18,0.075062,0.0023452,0.20117,0.35453,T-cell-parenchymal-2,controls_parenchymal_EUROPEUKBB_35k10k,1,-0
T-cell-vascular,SET,19,0.11969,0.0038419,0.21394,0.28793,T-cell-vascular,controls_parenchymal_EUROPEUKBB_35k10k,1,-0
Trans-Endo-to-mural,SET,117,-0.052515,-0.0041718,0.088829,0.7228,Trans-Endo-to-mural,controls_parenchymal_EUROPEUKBB_35k10k,1,-0
Vascular-SMC,SET,11,-0.39133,-0.0095596,0.33749,0.87687,Vascular-SMC,controls_parenchymal_EUROPEUKBB_35k10k,1,-0
Vascular-SMC-LINC00486,SET,5,-0.46329,-0.0076315,0.5813,0.78727,Vascular-SMC-LINC00486,controls_parenchymal_EUROPEUKBB_35k10k,1,-0
Venous,SET,226,-0.15874,-0.017474,0.064602,0.99299,Venous,controls_parenchymal_EUROPEUKBB_35k10k,1,-0
ambiguous,SET,141,-0.038762,-0.0033781,0.086643,0.6727,ambiguous,controls_parenchymal_EUROPEUKBB_35k10k,1,-0
low-feature-cells,SET,141,0.10828,0.0094371,0.082138,0.093707,low-feature-cells,controls_parenchymal_EUROPEUKBB_35k10k,1,-0
Arterial,SET,126,-0.11415,-0.0094798,0.090805,0.89563,Arterial,controls_parenchymal_EUROPEUKBB_nowindow_noAPOE,1,-0
Arteriolar-SMC,SET,4,-0.065567,-9.7345e-4,0.49965,0.5522,Arteriolar-SMC,controls_parenchymal_EUROPEUKBB_nowindow_noAPOE,1,-0
Artirial-FB,SET,17,-0.080811,-0.0024725,0.25819,0.62285,Artirial-FB,controls_parenchymal_EUROPEUKBB_nowindow_noAPOE,1,-0
Astrocyte-activated,SET,1121,0.062206,0.014977,0.03242,0.027518,Astrocyte-activated,controls_parenchymal_EUROPEUKBB_nowindow_noAPOE,1,-0
Astrocyte-quiescent,SET,1955,0.03687,0.011432,0.025077,0.070756,Astrocyte-quiescent,controls_parenchymal_EUROPEUKBB_nowindow_noAPOE,1,-0
Capillary,SET,351,0.0029769,4.1004e-4,0.055572,0.47864,Capillary,controls_parenchymal_EUROPEUKBB_nowindow_noAPOE,1,-0
Ex-Neuron-ADARB2-ERBB4,SET,131,-0.1649,-0.013961,0.093535,0.96103,Ex-Neuron-ADARB2-ERBB4,controls_parenchymal_EUROPEUKBB_nowindow_noAPOE,1,-0
Ex-Neuron-CBLN2-NRGN,SET,105,-0.18106,-0.013734,0.10222,0.96173,Ex-Neuron-CBLN2-NRGN,controls_parenchymal_EUROPEUKBB_nowindow_noAPOE,1,-0
Ex-Neuron-DLC1-HS3ST4,SET,862,0.0081685,0.0017377,0.037083,0.41283,Ex-Neuron-DLC1-HS3ST4,controls_parenchymal_EUROPEUKBB_nowindow_noAPOE,1,-0
Ex-Neuron-L2-3-CBLN2-LINC023...,SET,2423,0.0040227,0.0013684,0.022216,0.42816,Ex-Neuron-L2-3-CBLN2-LINC02306-CUX2,controls_parenchymal_EUROPEUKBB_nowindow_noAPOE,1,-0
Ex-Neuron-L3-5-RORB-PLCH1,SET,576,0.010455,0.001833,0.045685,0.4095,Ex-Neuron-L3-5-RORB-PLCH1,controls_parenchymal_EUROPEUKBB_nowindow_noAPOE,1,-0
Ex-Neuron-L4-5-RORB-IL1RAPL2,SET,1748,-0.014872,-0.0043882,0.026076,0.71577,Ex-Neuron-L4-5-RORB-IL1RAPL2,controls_parenchymal_EUROPEUKBB_nowindow_noAPOE,1,-0
Ex-Neuron-L6-THEMIS-NFIA,SET,883,-0.0045832,-9.8619e-4,0.036472,0.55,Ex-Neuron-L6-THEMIS-NFIA,controls_parenchymal_EUROPEUKBB_nowindow_noAPOE,1,-0
In-Neuron-ADARB2-GRM7,SET,697,-0.015378,-0.0029557,0.041467,0.64462,In-Neuron-ADARB2-GRM7,controls_parenchymal_EUROPEUKBB_nowindow_noAPOE,1,-0
In-Neuron-ADARB2-IL1RAPL2-CS...,SET,228,0.098541,0.010977,0.071621,0.084442,In-Neuron-ADARB2-IL1RAPL2-CSCL14,controls_parenchymal_EUROPEUKBB_nowindow_noAPOE,1,-0
In-Neuron-ADARB2-LAMP5-NRG1,SET,532,0.012298,0.0020748,0.047188,0.39719,In-Neuron-ADARB2-LAMP5-NRG1,controls_parenchymal_EUROPEUKBB_nowindow_noAPOE,1,-0
In-Neuron-ADARB2-NRG1-RELN,SET,108,0.104,0.0080003,0.10366,0.15786,In-Neuron-ADARB2-NRG1-RELN,controls_parenchymal_EUROPEUKBB_nowindow_noAPOE,1,-0
In-Neuron-DPP10-MEF2C,SET,175,-0.037275,-0.0036432,0.080994,0.67732,In-Neuron-DPP10-MEF2C,controls_parenchymal_EUROPEUKBB_nowindow_noAPOE,1,-0
In-Neuron-PRKG1-TBC1D4,SET,761,-0.038911,-0.0078003,0.039184,0.83965,In-Neuron-PRKG1-TBC1D4,controls_parenchymal_EUROPEUKBB_nowindow_noAPOE,1,-0
In-Neuron-TRHDE-RALYL,SET,290,0.043625,0.0054711,0.063907,0.24743,In-Neuron-TRHDE-RALYL,controls_parenchymal_EUROPEUKBB_nowindow_noAPOE,1,-0
M-Pericyte,SET,66,-0.22761,-0.013703,0.12874,0.96146,M-Pericyte,controls_parenchymal_EUROPEUKBB_nowindow_noAPOE,1,-0
Meningeal-FB,SET,29,-0.094334,-0.0037685,0.19172,0.68865,Meningeal-FB,controls_parenchymal_EUROPEUKBB_nowindow_noAPOE,1,-0
Microglia-activated,SET,977,0.077664,0.01753,0.03391,0.011008,Microglia-activated,controls_parenchymal_EUROPEUKBB_nowindow_noAPOE,0.49536,0.3050790653332202
Microglia-quiescent,SET,545,0.092447,0.01578,0.045808,0.021795,Microglia-quiescent,controls_parenchymal_EUROPEUKBB_nowindow_noAPOE,0.980775,0.00843061287095357
Microglia-vascular,SET,38,-0.1513,-0.006917,0.1516,0.84086,Microglia-vascular,controls_parenchymal_EUROPEUKBB_nowindow_noAPOE,1,-0
OPC-A,SET,489,-9.0859e-4,-1.4714e-4,0.049882,0.50727,OPC-A,controls_parenchymal_EUROPEUKBB_nowindow_noAPOE,1,-0
OPC-B,SET,922,0.011889,0.0026111,0.036784,0.37327,OPC-B,controls_parenchymal_EUROPEUKBB_nowindow_noAPOE,1,-0
Oligo-A,SET,2580,0.031068,0.010851,0.022339,0.082162,Oligo-A,controls_parenchymal_EUROPEUKBB_nowindow_noAPOE,1,-0
Oligo-B,SET,1350,0.080439,0.02111,0.029318,0.0030406,Oligo-B,controls_parenchymal_EUROPEUKBB_nowindow_noAPOE,0.136827,0.863828195057442
Pericyte,SET,24,-0.17032,-0.0061904,0.20183,0.80062,Pericyte,controls_parenchymal_EUROPEUKBB_nowindow_noAPOE,1,-0
Pericyte-2,SET,71,-0.15321,-0.0095657,0.11939,0.9003,Pericyte-2,controls_parenchymal_EUROPEUKBB_nowindow_noAPOE,1,-0
Perivascular,SET,102,0.22012,0.016458,0.10218000000000001,0.015619,Perivascular,controls_parenchymal_EUROPEUKBB_nowindow_noAPOE,0.702855,0.1531342613174573
Perivascular-FB,SET,85,-0.11952,-0.0081613,0.11346,0.8539,Perivascular-FB,controls_parenchymal_EUROPEUKBB_nowindow_noAPOE,1,-0
Perivascular-FB-KAZN2,SET,88,-0.069762,-0.0048467,0.10936,0.73822,Perivascular-FB-KAZN2,controls_parenchymal_EUROPEUKBB_nowindow_noAPOE,1,-0
T-Pericyte,SET,124,-0.047024,-0.0038742,0.091034,0.69726,T-Pericyte,controls_parenchymal_EUROPEUKBB_nowindow_noAPOE,1,-0
T-cell-mixed,SET,116,0.14549,0.011596,0.095864,0.064559,T-cell-mixed,controls_parenchymal_EUROPEUKBB_nowindow_noAPOE,1,-0
T-cell-parenchymal-1,SET,19,0.25518,0.0082537,0.25214,0.15576,T-cell-parenchymal-1,controls_parenchymal_EUROPEUKBB_nowindow_noAPOE,1,-0
T-cell-parenchymal-2,SET,18,-0.047414,-0.0014927,0.2484,0.57569,T-cell-parenchymal-2,controls_parenchymal_EUROPEUKBB_nowindow_noAPOE,1,-0
T-cell-vascular,SET,18,0.16987,0.005348,0.2559,0.2534,T-cell-vascular,controls_parenchymal_EUROPEUKBB_nowindow_noAPOE,1,-0
Trans-Endo-to-mural,SET,117,-0.052593,-0.0042098,0.093748,0.7126,Trans-Endo-to-mural,controls_parenchymal_EUROPEUKBB_nowindow_noAPOE,1,-0
Vascular-SMC,SET,11,-0.42665,-0.010502,0.30736,0.91744,Vascular-SMC,controls_parenchymal_EUROPEUKBB_nowindow_noAPOE,1,-0
Vascular-SMC-LINC00486,SET,5,-0.51973,-0.0086267,0.49013,0.85551,Vascular-SMC-LINC00486,controls_parenchymal_EUROPEUKBB_nowindow_noAPOE,1,-0
Venous,SET,226,-0.083641,-0.0092767,0.067497,0.89235,Venous,controls_parenchymal_EUROPEUKBB_nowindow_noAPOE,1,-0
ambiguous,SET,141,-0.050261,-0.0044136,0.089979,0.71177,ambiguous,controls_parenchymal_EUROPEUKBB_nowindow_noAPOE,1,-0
low-feature-cells,SET,141,0.10858,0.0095349,0.088257,0.1093,low-feature-cells,controls_parenchymal_EUROPEUKBB_nowindow_noAPOE,1,-0
Arterial,SET,126,-0.11639,-0.0096472,0.092078,0.89689,Arterial,controls_parenchymal_EUROPEUKBB_nowindow,1,-0
Arteriolar-SMC,SET,4,-0.06934,-0.0010275,0.50666,0.55443,Arteriolar-SMC,controls_parenchymal_EUROPEUKBB_nowindow,1,-0
Artirial-FB,SET,17,-0.083153,-0.0025392,0.26182,0.6246,Artirial-FB,controls_parenchymal_EUROPEUKBB_nowindow,1,-0
Astrocyte-activated,SET,1123,0.067702,0.016284,0.032842,0.019639,Astrocyte-activated,controls_parenchymal_EUROPEUKBB_nowindow,0.883755,0.053668116090357626
Astrocyte-quiescent,SET,1958,0.040171,0.012443,0.025402,0.056901,Astrocyte-quiescent,controls_parenchymal_EUROPEUKBB_nowindow,1,-0
Capillary,SET,351,-7.5084e-4,-1.0322e-4,0.05635,0.50532,Capillary,controls_parenchymal_EUROPEUKBB_nowindow,1,-0
Ex-Neuron-ADARB2-ERBB4,SET,131,-0.16754,-0.014157,0.094842,0.96134,Ex-Neuron-ADARB2-ERBB4,controls_parenchymal_EUROPEUKBB_nowindow,1,-0
Ex-Neuron-CBLN2-NRGN,SET,105,-0.18345,-0.013889,0.10366,0.96161,Ex-Neuron-CBLN2-NRGN,controls_parenchymal_EUROPEUKBB_nowindow,1,-0
Ex-Neuron-DLC1-HS3ST4,SET,865,0.0034169,7.2673e-4,0.037513,0.46371,Ex-Neuron-DLC1-HS3ST4,controls_parenchymal_EUROPEUKBB_nowindow,1,-0
Ex-Neuron-L2-3-CBLN2-LINC023...,SET,2425,3.1588e-4,1.0731e-4,0.022517,0.4944,Ex-Neuron-L2-3-CBLN2-LINC02306-CUX2,controls_parenchymal_EUROPEUKBB_nowindow,1,-0
Ex-Neuron-L3-5-RORB-PLCH1,SET,576,0.0066643,0.0011662,0.046325,0.44281,Ex-Neuron-L3-5-RORB-PLCH1,controls_parenchymal_EUROPEUKBB_nowindow,1,-0
Ex-Neuron-L4-5-RORB-IL1RAPL2,SET,1752,-0.016388,-0.0048321,0.026397,0.73264,Ex-Neuron-L4-5-RORB-IL1RAPL2,controls_parenchymal_EUROPEUKBB_nowindow,1,-0
Ex-Neuron-L6-THEMIS-NFIA,SET,885,-0.011225,-0.0024134,0.036922,0.61944,Ex-Neuron-L6-THEMIS-NFIA,controls_parenchymal_EUROPEUKBB_nowindow,1,-0
In-Neuron-ADARB2-GRM7,SET,697,-0.019792,-0.003797,0.042046,0.68108,In-Neuron-ADARB2-GRM7,controls_parenchymal_EUROPEUKBB_nowindow,1,-0
In-Neuron-ADARB2-IL1RAPL2-CS...,SET,228,0.089011,0.0098964,0.072623,0.11017,In-Neuron-ADARB2-IL1RAPL2-CSCL14,controls_parenchymal_EUROPEUKBB_nowindow,1,-0
In-Neuron-ADARB2-LAMP5-NRG1,SET,532,0.0089316,0.001504,0.047845,0.42596,In-Neuron-ADARB2-LAMP5-NRG1,controls_parenchymal_EUROPEUKBB_nowindow,1,-0
In-Neuron-ADARB2-NRG1-RELN,SET,108,0.096475,0.0074068,0.10511,0.17936,In-Neuron-ADARB2-NRG1-RELN,controls_parenchymal_EUROPEUKBB_nowindow,1,-0
In-Neuron-DPP10-MEF2C,SET,175,-0.044928,-0.0043827,0.082124,0.70783,In-Neuron-DPP10-MEF2C,controls_parenchymal_EUROPEUKBB_nowindow,1,-0
In-Neuron-PRKG1-TBC1D4,SET,761,-0.040425,-0.0080886,0.039732,0.84552,In-Neuron-PRKG1-TBC1D4,controls_parenchymal_EUROPEUKBB_nowindow,1,-0
In-Neuron-TRHDE-RALYL,SET,290,0.034362,0.0043012,0.0648,0.29796,In-Neuron-TRHDE-RALYL,controls_parenchymal_EUROPEUKBB_nowindow,1,-0
M-Pericyte,SET,66,-0.22292,-0.013394,0.13054,0.95614,M-Pericyte,controls_parenchymal_EUROPEUKBB_nowindow,1,-0
Meningeal-FB,SET,29,-0.09633,-0.0038407,0.19441,0.68987,Meningeal-FB,controls_parenchymal_EUROPEUKBB_nowindow,1,-0
Microglia-activated,SET,978,0.077334,0.017432,0.034369,0.012228,Microglia-activated,controls_parenchymal_EUROPEUKBB_nowindow,0.55026,0.2594320561706051
Microglia-quiescent,SET,545,0.086984,0.01482,0.046449,0.030564,Microglia-quiescent,controls_parenchymal_EUROPEUKBB_nowindow,1,-0
Microglia-vascular,SET,38,-0.16226,-0.0074038,0.15369,0.85447,Microglia-vascular,controls_parenchymal_EUROPEUKBB_nowindow,1,-0
OPC-A,SET,489,-0.0029024,-4.6913e-4,0.050581,0.52288,OPC-A,controls_parenchymal_EUROPEUKBB_nowindow,1,-0
OPC-B,SET,922,0.0096495,0.0021154,0.037299,0.39793,OPC-B,controls_parenchymal_EUROPEUKBB_nowindow,1,-0
Oligo-A,SET,2582,0.029346,0.010236,0.022641,0.097467,Oligo-A,controls_parenchymal_EUROPEUKBB_nowindow,1,-0
Oligo-B,SET,1352,0.082495,0.021626,0.0297,0.0027412,Oligo-B,controls_parenchymal_EUROPEUKBB_nowindow,0.123354,0.9088467630792992
Pericyte,SET,24,-0.1728,-0.0062684,0.20466,0.80074,Pericyte,controls_parenchymal_EUROPEUKBB_nowindow,1,-0
Pericyte-2,SET,71,-0.15565,-0.009699,0.12107,0.90071,Pericyte-2,controls_parenchymal_EUROPEUKBB_nowindow,1,-0
Perivascular,SET,102,0.21339,0.015924,0.10362,0.019735,Perivascular,controls_parenchymal_EUROPEUKBB_nowindow,0.888075,0.05155035549312221
Perivascular-FB,SET,85,-0.12154,-0.0082836,0.11505,0.8546,Perivascular-FB,controls_parenchymal_EUROPEUKBB_nowindow,1,-0
Perivascular-FB-KAZN2,SET,88,-0.070933,-0.0049185,0.1109,0.73879,Perivascular-FB-KAZN2,controls_parenchymal_EUROPEUKBB_nowindow,1,-0
T-Pericyte,SET,124,-0.045648,-0.0037536,0.09231,0.68952,T-Pericyte,controls_parenchymal_EUROPEUKBB_nowindow,1,-0
T-cell-mixed,SET,116,0.14575,0.011595,0.097209,0.066896,T-cell-mixed,controls_parenchymal_EUROPEUKBB_nowindow,1,-0
T-cell-parenchymal-1,SET,19,0.2531,0.0081702,0.25568,0.16112,T-cell-parenchymal-1,controls_parenchymal_EUROPEUKBB_nowindow,1,-0
T-cell-parenchymal-2,SET,18,-0.040402,-0.0012695,0.25188,0.56372,T-cell-parenchymal-2,controls_parenchymal_EUROPEUKBB_nowindow,1,-0
T-cell-vascular,SET,18,0.16737,0.0052589,0.25949,0.25947,T-cell-vascular,controls_parenchymal_EUROPEUKBB_nowindow,1,-0
Trans-Endo-to-mural,SET,117,-0.057039,-0.0045569,0.095063,0.72575,Trans-Endo-to-mural,controls_parenchymal_EUROPEUKBB_nowindow,1,-0
Vascular-SMC,SET,11,-0.42986,-0.010561,0.31167,0.91608,Vascular-SMC,controls_parenchymal_EUROPEUKBB_nowindow,1,-0
Vascular-SMC-LINC00486,SET,5,-0.5305,-0.0087883,0.497,0.8571,Vascular-SMC-LINC00486,controls_parenchymal_EUROPEUKBB_nowindow,1,-0
Venous,SET,226,-0.087675,-0.0097054,0.068442,0.8999,Venous,controls_parenchymal_EUROPEUKBB_nowindow,1,-0
ambiguous,SET,141,-0.050443,-0.004421,0.091241,0.70981,ambiguous,controls_parenchymal_EUROPEUKBB_nowindow,1,-0
low-feature-cells,SET,141,0.10836,0.0094972,0.089495,0.11299,low-feature-cells,controls_parenchymal_EUROPEUKBB_nowindow,1,-0
Arterial,SET,843,0.042718,0.0089427,0.033657,0.1022,Arterial,controls_vascular_EUROPEUKBB_35k10k_noAPOE,1,-0
Arteriolar-SMC,SET,262,0.072394,0.0085879,0.060644000000000003,0.1163,Arteriolar-SMC,controls_vascular_EUROPEUKBB_35k10k_noAPOE,1,-0
Artirial-FB,SET,47,0.031365,0.0015852,0.1385,0.41043,Artirial-FB,controls_vascular_EUROPEUKBB_35k10k_noAPOE,1,-0
Astrocyte-activated,SET,25,0.088718,0.0032722,0.19436,0.32403,Astrocyte-activated,controls_vascular_EUROPEUKBB_35k10k_noAPOE,1,-0
Astrocyte-quiescent,SET,26,-0.14089,-0.0052991,0.18996,0.77085,Astrocyte-quiescent,controls_vascular_EUROPEUKBB_35k10k_noAPOE,1,-0
Capillary,SET,571,0.049596,0.0086112,0.040409,0.10986,Capillary,controls_vascular_EUROPEUKBB_35k10k_noAPOE,1,-0
Ex-Neuron-DLC1-HS3ST4,SET,33,0.04683,0.001984,0.16952,0.39118000000000003,Ex-Neuron-DLC1-HS3ST4,controls_vascular_EUROPEUKBB_35k10k_noAPOE,1,-0
Ex-Neuron-L2-3-CBLN2-LINC023...,SET,46,-0.047708,-0.0023855,0.14184,0.63169,Ex-Neuron-L2-3-CBLN2-LINC02306-CUX2,controls_vascular_EUROPEUKBB_35k10k_noAPOE,1,-0
Ex-Neuron-L3-5-RORB-PLCH1,SET,18,-0.11851,-0.0037097,0.22385,0.70174,Ex-Neuron-L3-5-RORB-PLCH1,controls_vascular_EUROPEUKBB_35k10k_noAPOE,1,-0
Ex-Neuron-L4-5-RORB-IL1RAPL2,SET,44,-2.8072e-4,-1.3729e-5,0.15441,0.50073,Ex-Neuron-L4-5-RORB-IL1RAPL2,controls_vascular_EUROPEUKBB_35k10k_noAPOE,1,-0
Ex-Neuron-L6-THEMIS-NFIA,SET,33,-0.18063,-0.0076526,0.1578,0.87382,Ex-Neuron-L6-THEMIS-NFIA,controls_vascular_EUROPEUKBB_35k10k_noAPOE,1,-0
In-Neuron-ADARB2-GRM7,SET,20,0.036904,0.0012176,0.21701,0.43248,In-Neuron-ADARB2-GRM7,controls_vascular_EUROPEUKBB_35k10k_noAPOE,1,-0
In-Neuron-ADARB2-IL1RAPL2-CS...,SET,30,-0.14412,-0.0058223,0.18572,0.78112,In-Neuron-ADARB2-IL1RAPL2-CSCL14,controls_vascular_EUROPEUKBB_35k10k_noAPOE,1,-0
In-Neuron-ADARB2-LAMP5-NRG1,SET,39,0.075896,0.003495,0.16139,0.31909,In-Neuron-ADARB2-LAMP5-NRG1,controls_vascular_EUROPEUKBB_35k10k_noAPOE,1,-0
In-Neuron-PRKG1-TBC1D4,SET,15,0.47763,0.01365,0.26023,0.033231,In-Neuron-PRKG1-TBC1D4,controls_vascular_EUROPEUKBB_35k10k_noAPOE,1,-0
In-Neuron-TRHDE-RALYL,SET,25,0.14911,0.0054997,0.19932,0.22721,In-Neuron-TRHDE-RALYL,controls_vascular_EUROPEUKBB_35k10k_noAPOE,1,-0
M-Pericyte,SET,652,0.046975,0.0086956,0.038044,0.10847,M-Pericyte,controls_vascular_EUROPEUKBB_35k10k_noAPOE,1,-0
Meningeal-FB,SET,64,-0.019277,-0.0011364,0.126,0.5608,Meningeal-FB,controls_vascular_EUROPEUKBB_35k10k_noAPOE,1,-0
Microglia-activated,SET,16,0.51945,0.015331,0.23857,0.014734,Microglia-activated,controls_vascular_EUROPEUKBB_35k10k_noAPOE,0.574626,0.2406147274546355
Microglia-quiescent,SET,16,0.59275,0.017495,0.23127,0.0051934,Microglia-quiescent,controls_vascular_EUROPEUKBB_35k10k_noAPOE,0.2025426,0.6934836193669589
Microglia-vascular,SET,45,0.51929,0.025683,0.13265,4.5442e-5,Microglia-vascular,controls_vascular_EUROPEUKBB_35k10k_noAPOE,0.0017722380000000002,2.751477955617165
OPC-B,SET,57,-0.096771,-0.0053847,0.13149,0.76911,OPC-B,controls_vascular_EUROPEUKBB_35k10k_noAPOE,1,-0
Oligo-A,SET,125,-0.023954,-0.0019702,0.087779,0.60753,Oligo-A,controls_vascular_EUROPEUKBB_35k10k_noAPOE,1,-0
Oligo-B,SET,23,-0.4105,-0.014523,0.19319,0.98319,Oligo-B,controls_vascular_EUROPEUKBB_35k10k_noAPOE,1,-0
Pericyte,SET,260,-0.012934,-0.0015285,0.058539,0.58743,Pericyte,controls_vascular_EUROPEUKBB_35k10k_noAPOE,1,-0
Pericyte-2,SET,321,0.036899,0.0048372,0.055783,0.25416,Pericyte-2,controls_vascular_EUROPEUKBB_35k10k_noAPOE,1,-0
Pericyte-FB,SET,64,-0.033021,-0.0019466,0.12242,0.60632,Pericyte-FB,controls_vascular_EUROPEUKBB_35k10k_noAPOE,1,-0
Perivascular,SET,59,0.55308,0.031309,0.11884,1.6413e-6,Perivascular,controls_vascular_EUROPEUKBB_35k10k_noAPOE,6.40107e-5,4.193747423476369
Perivascular-FB,SET,102,-0.057712,-0.0042906,0.094973,0.72829,Perivascular-FB,controls_vascular_EUROPEUKBB_35k10k_noAPOE,1,-0
Perivascular-FB-KAZN2,SET,66,0.053929,0.0032283,0.1238,0.33156,Perivascular-FB-KAZN2,controls_vascular_EUROPEUKBB_35k10k_noAPOE,1,-0
T-Pericyte,SET,726,0.040737,0.0079406,0.035915,0.12835,T-Pericyte,controls_vascular_EUROPEUKBB_35k10k_noAPOE,1,-0
T-cell-mixed,SET,72,0.35141,0.021967,0.10535,4.2665e-4,T-cell-mixed,controls_vascular_EUROPEUKBB_35k10k_noAPOE,0.01663935,1.7788636430048432
T-cell-vascular,SET,51,0.32135,0.016917,0.12807,0.0060549,T-cell-vascular,controls_vascular_EUROPEUKBB_35k10k_noAPOE,0.23614110000000002,0.6268284180471662
Trans-Endo-to-mural,SET,20,-0.023774,-7.8441e-4,0.20556,0.54604,Trans-Endo-to-mural,controls_vascular_EUROPEUKBB_35k10k_noAPOE,1,-0
Vascular-SMC,SET,479,0.073736,0.011756,0.043763,0.046014,Vascular-SMC,controls_vascular_EUROPEUKBB_35k10k_noAPOE,1,-0
Vascular-SMC-LINC00486,SET,72,-0.039218,-0.0024517,0.11328,0.6354,Vascular-SMC-LINC00486,controls_vascular_EUROPEUKBB_35k10k_noAPOE,1,-0
Venous,SET,587,-0.052443,-0.0092279,0.039683,0.90683,Venous,controls_vascular_EUROPEUKBB_35k10k_noAPOE,1,-0
ambiguous,SET,24,0.053638,0.0019385,0.21346,0.4008,ambiguous,controls_vascular_EUROPEUKBB_35k10k_noAPOE,1,-0
low-feature-cells,SET,44,-0.0077163,-3.7737e-4,0.15481,0.51988,low-feature-cells,controls_vascular_EUROPEUKBB_35k10k_noAPOE,1,-0
Arterial,SET,843,0.037861,0.0079117,0.034086,0.13334,Arterial,controls_vascular_EUROPEUKBB_35k10k,1,-0
Arteriolar-SMC,SET,262,0.068746,0.0081399,0.061499,0.13183,Arteriolar-SMC,controls_vascular_EUROPEUKBB_35k10k,1,-0
Artirial-FB,SET,47,0.029172,0.0014716,0.14045,0.41773,Artirial-FB,controls_vascular_EUROPEUKBB_35k10k,1,-0
Astrocyte-activated,SET,25,0.086832,0.0031966,0.1971,0.32977,Astrocyte-activated,controls_vascular_EUROPEUKBB_35k10k,1,-0
Astrocyte-quiescent,SET,26,-0.14341,-0.0053838,0.19263,0.7717,Astrocyte-quiescent,controls_vascular_EUROPEUKBB_35k10k,1,-0
Capillary,SET,572,0.044332,0.0076895,0.04083,0.1388,Capillary,controls_vascular_EUROPEUKBB_35k10k,1,-0
Ex-Neuron-DLC1-HS3ST4,SET,33,0.042622,0.0018023,0.17191,0.40209,Ex-Neuron-DLC1-HS3ST4,controls_vascular_EUROPEUKBB_35k10k,1,-0
Ex-Neuron-L2-3-CBLN2-LINC023...,SET,46,-0.049927,-0.0024917,0.14384,0.63574,Ex-Neuron-L2-3-CBLN2-LINC02306-CUX2,controls_vascular_EUROPEUKBB_35k10k,1,-0
Ex-Neuron-L3-5-RORB-PLCH1,SET,18,-0.12123,-0.0037876,0.22804,0.70249,Ex-Neuron-L3-5-RORB-PLCH1,controls_vascular_EUROPEUKBB_35k10k,1,-0
Ex-Neuron-L4-5-RORB-IL1RAPL2,SET,44,-0.0033709,-1.6455e-4,0.15658,0.50859,Ex-Neuron-L4-5-RORB-IL1RAPL2,controls_vascular_EUROPEUKBB_35k10k,1,-0
Ex-Neuron-L6-THEMIS-NFIA,SET,33,-0.18952,-0.0080142,0.16002,0.88186,Ex-Neuron-L6-THEMIS-NFIA,controls_vascular_EUROPEUKBB_35k10k,1,-0
In-Neuron-ADARB2-GRM7,SET,20,0.034569,0.0011384,0.22007,0.43759,In-Neuron-ADARB2-GRM7,controls_vascular_EUROPEUKBB_35k10k,1,-0
In-Neuron-ADARB2-IL1RAPL2-CS...,SET,30,-0.16368,-0.0065999,0.18811,0.80788,In-Neuron-ADARB2-IL1RAPL2-CSCL14,controls_vascular_EUROPEUKBB_35k10k,1,-0
In-Neuron-ADARB2-LAMP5-NRG1,SET,39,0.059847,0.0027507,0.16352,0.35719,In-Neuron-ADARB2-LAMP5-NRG1,controls_vascular_EUROPEUKBB_35k10k,1,-0
In-Neuron-PRKG1-TBC1D4,SET,15,0.47082,0.013429,0.26389,0.037211,In-Neuron-PRKG1-TBC1D4,controls_vascular_EUROPEUKBB_35k10k,1,-0
In-Neuron-TRHDE-RALYL,SET,25,0.14656,0.0053953,0.20213,0.23421,In-Neuron-TRHDE-RALYL,controls_vascular_EUROPEUKBB_35k10k,1,-0
M-Pericyte,SET,652,0.041272,0.0076258,0.038514,0.14196,M-Pericyte,controls_vascular_EUROPEUKBB_35k10k,1,-0
Meningeal-FB,SET,64,-0.020868,-0.0012279,0.12777,0.56487,Meningeal-FB,controls_vascular_EUROPEUKBB_35k10k,1,-0
Microglia-activated,SET,16,0.52243,0.01539,0.24193,0.015417,Microglia-activated,controls_vascular_EUROPEUKBB_35k10k,0.601263,0.22093552056866544
Microglia-quiescent,SET,16,0.59093,0.017407,0.23453,0.0058794,Microglia-quiescent,controls_vascular_EUROPEUKBB_35k10k,0.2292966,0.639602384921984
Microglia-vascular,SET,45,0.52014,0.025676,0.13453,5.5452e-5,Microglia-vascular,controls_vascular_EUROPEUKBB_35k10k,0.0021626279999999998,2.665018178407171
OPC-B,SET,57,-0.098214,-0.0054547,0.13335,0.76929,OPC-B,controls_vascular_EUROPEUKBB_35k10k,1,-0
Oligo-A,SET,125,-0.026254,-0.0021552,0.089014,0.61598,Oligo-A,controls_vascular_EUROPEUKBB_35k10k,1,-0
Oligo-B,SET,23,-0.41573,-0.01468,0.19591,0.98308,Oligo-B,controls_vascular_EUROPEUKBB_35k10k,1,-0
Pericyte,SET,260,-0.015304,-0.0018052,0.059363,0.60172,Pericyte,controls_vascular_EUROPEUKBB_35k10k,1,-0
Pericyte-2,SET,321,0.034716,0.0045425,0.056568,0.26971,Pericyte-2,controls_vascular_EUROPEUKBB_35k10k,1,-0
Pericyte-FB,SET,64,-0.034775,-0.0020461,0.12414,0.61031,Pericyte-FB,controls_vascular_EUROPEUKBB_35k10k,1,-0
Perivascular,SET,59,0.55561,0.031393,0.12052,2.0287e-6,Perivascular,controls_vascular_EUROPEUKBB_35k10k,7.91193e-5,4.101717563770358
Perivascular-FB,SET,102,-0.059388,-0.0044068,0.09631,0.73126,Perivascular-FB,controls_vascular_EUROPEUKBB_35k10k,1,-0
Perivascular-FB-KAZN2,SET,66,0.053022,0.0031679,0.12554,0.33639,Perivascular-FB-KAZN2,controls_vascular_EUROPEUKBB_35k10k,1,-0
T-Pericyte,SET,726,0.035298,0.0068679,0.036365,0.16587,T-Pericyte,controls_vascular_EUROPEUKBB_35k10k,1,-0
T-cell-mixed,SET,72,0.34923,0.02179,0.10684,5.4123e-4,T-cell-mixed,controls_vascular_EUROPEUKBB_35k10k,0.02110797,1.6755535317416315
T-cell-vascular,SET,51,0.31908,0.016765,0.12987,0.007013,T-cell-vascular,controls_vascular_EUROPEUKBB_35k10k,0.273507,0.5630315540747183
Trans-Endo-to-mural,SET,20,-0.025861,-8.5166e-4,0.20845,0.54937,Trans-Endo-to-mural,controls_vascular_EUROPEUKBB_35k10k,1,-0
Vascular-SMC,SET,479,0.069078,0.010993,0.044381,0.059806,Vascular-SMC,controls_vascular_EUROPEUKBB_35k10k,1,-0
Vascular-SMC-LINC00486,SET,72,-0.03987,-0.0024877,0.11488,0.63572,Vascular-SMC-LINC00486,controls_vascular_EUROPEUKBB_35k10k,1,-0
Venous,SET,588,-0.052559,-0.009239,0.040117,0.90492,Venous,controls_vascular_EUROPEUKBB_35k10k,1,-0
ambiguous,SET,24,0.050915,0.0018366,0.21646,0.40702,ambiguous,controls_vascular_EUROPEUKBB_35k10k,1,-0
low-feature-cells,SET,44,-0.008669,-4.2316e-4,0.15699,0.52202,low-feature-cells,controls_vascular_EUROPEUKBB_35k10k,1,-0
Arterial,SET,842,0.048642,0.010233,0.036547,0.091613,Arterial,controls_vascular_EUROPEUKBB_nowindow_noAPOE,1,-0
Arteriolar-SMC,SET,262,0.089772,0.01071,0.065051,0.083798,Arteriolar-SMC,controls_vascular_EUROPEUKBB_nowindow_noAPOE,1,-0
Artirial-FB,SET,47,-0.10631,-0.0054039,0.15247,0.75718,Artirial-FB,controls_vascular_EUROPEUKBB_nowindow_noAPOE,1,-0
Astrocyte-activated,SET,25,0.10202,0.0037845,0.19656,0.30187,Astrocyte-activated,controls_vascular_EUROPEUKBB_nowindow_noAPOE,1,-0
Astrocyte-quiescent,SET,26,-0.04847,-0.0018336,0.18557,0.60302,Astrocyte-quiescent,controls_vascular_EUROPEUKBB_nowindow_noAPOE,1,-0
Capillary,SET,569,0.078415,0.013667,0.04353,0.035827,Capillary,controls_vascular_EUROPEUKBB_nowindow_noAPOE,1,-0
Ex-Neuron-DLC1-HS3ST4,SET,33,-0.036345,-0.0015486,0.18283,0.57878,Ex-Neuron-DLC1-HS3ST4,controls_vascular_EUROPEUKBB_nowindow_noAPOE,1,-0
Ex-Neuron-L2-3-CBLN2-LINC023...,SET,46,0.0066402,3.3393e-4,0.15996,0.48344,Ex-Neuron-L2-3-CBLN2-LINC02306-CUX2,controls_vascular_EUROPEUKBB_nowindow_noAPOE,1,-0
Ex-Neuron-L3-5-RORB-PLCH1,SET,18,0.03101,9.7628e-4,0.24439,0.44951,Ex-Neuron-L3-5-RORB-PLCH1,controls_vascular_EUROPEUKBB_nowindow_noAPOE,1,-0
Ex-Neuron-L4-5-RORB-IL1RAPL2,SET,44,-0.039566,-0.0019461,0.16184,0.59657,Ex-Neuron-L4-5-RORB-IL1RAPL2,controls_vascular_EUROPEUKBB_nowindow_noAPOE,1,-0
Ex-Neuron-L6-THEMIS-NFIA,SET,33,-0.11483,-0.0048928,0.18062,0.73752,Ex-Neuron-L6-THEMIS-NFIA,controls_vascular_EUROPEUKBB_nowindow_noAPOE,1,-0
In-Neuron-ADARB2-GRM7,SET,20,0.088674,0.0029425,0.23501,0.35297,In-Neuron-ADARB2-GRM7,controls_vascular_EUROPEUKBB_nowindow_noAPOE,1,-0
In-Neuron-ADARB2-IL1RAPL2-CS...,SET,29,-0.08639,-0.0034511,0.19599,0.67031,In-Neuron-ADARB2-IL1RAPL2-CSCL14,controls_vascular_EUROPEUKBB_nowindow_noAPOE,1,-0
In-Neuron-ADARB2-LAMP5-NRG1,SET,39,-0.023758,-0.0011003,0.16664,0.55668,In-Neuron-ADARB2-LAMP5-NRG1,controls_vascular_EUROPEUKBB_nowindow_noAPOE,1,-0
In-Neuron-PRKG1-TBC1D4,SET,15,0.62732,0.01803,0.26956,0.0099823,In-Neuron-PRKG1-TBC1D4,controls_vascular_EUROPEUKBB_nowindow_noAPOE,0.3893097,0.4097047753108826
In-Neuron-TRHDE-RALYL,SET,25,0.14219,0.0052746,0.21566,0.25485,In-Neuron-TRHDE-RALYL,controls_vascular_EUROPEUKBB_nowindow_noAPOE,1,-0
M-Pericyte,SET,651,0.045955,0.0085474,0.041428,0.13366,M-Pericyte,controls_vascular_EUROPEUKBB_nowindow_noAPOE,1,-0
Meningeal-FB,SET,64,-0.12073,-0.0071581,0.13261,0.81871,Meningeal-FB,controls_vascular_EUROPEUKBB_nowindow_noAPOE,1,-0
Microglia-activated,SET,16,0.19813,0.0058813,0.23097,0.1955,Microglia-activated,controls_vascular_EUROPEUKBB_nowindow_noAPOE,1,-0
Microglia-quiescent,SET,16,0.22214,0.006594,0.24719,0.18442,Microglia-quiescent,controls_vascular_EUROPEUKBB_nowindow_noAPOE,1,-0
Microglia-vascular,SET,45,0.37048,0.018428,0.14055,0.0041988,Microglia-vascular,controls_vascular_EUROPEUKBB_nowindow_noAPOE,0.1637532,0.7858102044429696
OPC-B,SET,57,0.0036563,2.0461e-4,0.14382,0.48986,OPC-B,controls_vascular_EUROPEUKBB_nowindow_noAPOE,1,-0
Oligo-A,SET,125,-0.0050596,-4.1852e-4,0.092037,0.52192,Oligo-A,controls_vascular_EUROPEUKBB_nowindow_noAPOE,1,-0
Oligo-B,SET,23,-0.4306,-0.015322,0.20308,0.983,Oligo-B,controls_vascular_EUROPEUKBB_nowindow_noAPOE,1,-0
Pericyte,SET,260,-0.054696,-0.0065006,0.064195,0.80289,Pericyte,controls_vascular_EUROPEUKBB_nowindow_noAPOE,1,-0
Pericyte-2,SET,321,-0.0016251,-2.1424e-4,0.05961,0.51087,Pericyte-2,controls_vascular_EUROPEUKBB_nowindow_noAPOE,1,-0
Pericyte-FB,SET,64,-0.14915,-0.0088426,0.13031,0.8738,Pericyte-FB,controls_vascular_EUROPEUKBB_nowindow_noAPOE,1,-0
Perivascular,SET,59,0.31708,0.018052,0.12875,0.0068992,Perivascular,controls_vascular_EUROPEUKBB_nowindow_noAPOE,0.2690688,0.5701366581388937
Perivascular-FB,SET,102,-0.030889,-0.0023095,0.10176,0.61926,Perivascular-FB,controls_vascular_EUROPEUKBB_nowindow_noAPOE,1,-0
Perivascular-FB-KAZN2,SET,66,-0.080365,-0.0048383,0.13106,0.73013,Perivascular-FB-KAZN2,controls_vascular_EUROPEUKBB_nowindow_noAPOE,1,-0
T-Pericyte,SET,725,0.040059,0.0078462,0.039124,0.15294,T-Pericyte,controls_vascular_EUROPEUKBB_nowindow_noAPOE,1,-0
T-cell-mixed,SET,72,0.30592,0.019233,0.12153,0.0059197,T-cell-mixed,controls_vascular_EUROPEUKBB_nowindow_noAPOE,0.2308683,0.6366356949745519
T-cell-vascular,SET,51,0.44608,0.023617,0.14447,0.0010102,T-cell-vascular,controls_vascular_EUROPEUKBB_nowindow_noAPOE,0.0393978,1.40452802879717
Trans-Endo-to-mural,SET,20,0.28265,0.0093793,0.22057,0.10003,Trans-Endo-to-mural,controls_vascular_EUROPEUKBB_nowindow_noAPOE,1,-0
Vascular-SMC,SET,479,0.082407,0.013212,0.047839,0.042489,Vascular-SMC,controls_vascular_EUROPEUKBB_nowindow_noAPOE,1,-0
Vascular-SMC-LINC00486,SET,72,-0.021352,-0.0013424,0.12506,0.56778,Vascular-SMC-LINC00486,controls_vascular_EUROPEUKBB_nowindow_noAPOE,1,-0
Venous,SET,586,-0.010784,-0.0019066,0.042791,0.59949,Venous,controls_vascular_EUROPEUKBB_nowindow_noAPOE,1,-0
ambiguous,SET,23,-0.1456,-0.0051807,0.21136,0.75454,ambiguous,controls_vascular_EUROPEUKBB_nowindow_noAPOE,1,-0
low-feature-cells,SET,44,-0.020951,-0.0010305,0.16444,0.55069,low-feature-cells,controls_vascular_EUROPEUKBB_nowindow_noAPOE,1,-0
Arterial,SET,843,0.043272,0.0090913,0.037036,0.12134,Arterial,controls_vascular_EUROPEUKBB_nowindow,1,-0
Arteriolar-SMC,SET,262,0.08389,0.0099888,0.065962,0.10173,Arteriolar-SMC,controls_vascular_EUROPEUKBB_nowindow,1,-0
Artirial-FB,SET,47,-0.10773,-0.0054652,0.1546,0.75703,Artirial-FB,controls_vascular_EUROPEUKBB_nowindow,1,-0
Astrocyte-activated,SET,25,0.098642,0.003652,0.19932,0.31034,Astrocyte-activated,controls_vascular_EUROPEUKBB_nowindow,1,-0
Astrocyte-quiescent,SET,26,-0.051461,-0.0019429,0.18818,0.60775,Astrocyte-quiescent,controls_vascular_EUROPEUKBB_nowindow,1,-0
Capillary,SET,571,0.072082,0.012561,0.044048,0.050881,Capillary,controls_vascular_EUROPEUKBB_nowindow,1,-0
Ex-Neuron-DLC1-HS3ST4,SET,33,-0.037954,-0.0016141,0.1854,0.5811,Ex-Neuron-DLC1-HS3ST4,controls_vascular_EUROPEUKBB_nowindow,1,-0
Ex-Neuron-L2-3-CBLN2-LINC023...,SET,46,0.0011097,5.5696e-5,0.1622,0.49727,Ex-Neuron-L2-3-CBLN2-LINC02306-CUX2,controls_vascular_EUROPEUKBB_nowindow,1,-0
Ex-Neuron-L3-5-RORB-PLCH1,SET,18,6.7276e-4,2.1139e-5,0.24778,0.49892,Ex-Neuron-L3-5-RORB-PLCH1,controls_vascular_EUROPEUKBB_nowindow,1,-0
Ex-Neuron-L4-5-RORB-IL1RAPL2,SET,44,-0.044048,-0.0021624,0.16411,0.60581,Ex-Neuron-L4-5-RORB-IL1RAPL2,controls_vascular_EUROPEUKBB_nowindow,1,-0
Ex-Neuron-L6-THEMIS-NFIA,SET,33,-0.12153,-0.0051682,0.18316,0.7465,Ex-Neuron-L6-THEMIS-NFIA,controls_vascular_EUROPEUKBB_nowindow,1,-0
In-Neuron-ADARB2-GRM7,SET,20,0.083594,0.0027685,0.23831,0.36288,In-Neuron-ADARB2-GRM7,controls_vascular_EUROPEUKBB_nowindow,1,-0
In-Neuron-ADARB2-IL1RAPL2-CS...,SET,29,-0.086446,-0.0034466,0.19874,0.66821,In-Neuron-ADARB2-IL1RAPL2-CSCL14,controls_vascular_EUROPEUKBB_nowindow,1,-0
In-Neuron-ADARB2-LAMP5-NRG1,SET,39,-0.025716,-0.0011887,0.16897,0.56048,In-Neuron-ADARB2-LAMP5-NRG1,controls_vascular_EUROPEUKBB_nowindow,1,-0
In-Neuron-PRKG1-TBC1D4,SET,15,0.62861,0.018032,0.27334,0.010736,In-Neuron-PRKG1-TBC1D4,controls_vascular_EUROPEUKBB_nowindow,0.418704,0.37809289014858394
In-Neuron-TRHDE-RALYL,SET,25,0.13976,0.0051742,0.21869,0.26139,In-Neuron-TRHDE-RALYL,controls_vascular_EUROPEUKBB_nowindow,1,-0
M-Pericyte,SET,652,0.039829,0.0073996,0.041974,0.17134,M-Pericyte,controls_vascular_EUROPEUKBB_nowindow,1,-0
Meningeal-FB,SET,64,-0.12112,-0.0071671,0.13447,0.81614,Meningeal-FB,controls_vascular_EUROPEUKBB_nowindow,1,-0
Microglia-activated,SET,16,0.19659,0.005824,0.23421,0.20064,Microglia-activated,controls_vascular_EUROPEUKBB_nowindow,1,-0
Microglia-quiescent,SET,16,0.2228,0.0066007,0.25066,0.18704,Microglia-quiescent,controls_vascular_EUROPEUKBB_nowindow,1,-0
Microglia-vascular,SET,45,0.36837,0.018287,0.14252,0.0048777,Microglia-vascular,controls_vascular_EUROPEUKBB_nowindow,0.1902303,0.7207203071948751
OPC-B,SET,57,0.0022401,1.2512e-4,0.14584,0.49387,OPC-B,controls_vascular_EUROPEUKBB_nowindow,1,-0
Oligo-A,SET,125,-0.0070375,-5.81e-4,0.093326,0.53005,Oligo-A,controls_vascular_EUROPEUKBB_nowindow,1,-0
Oligo-B,SET,23,-0.43759,-0.01554,0.20593,0.9832,Oligo-B,controls_vascular_EUROPEUKBB_nowindow,1,-0
Pericyte,SET,260,-0.0582,-0.0069037,0.065095,0.81435,Pericyte,controls_vascular_EUROPEUKBB_nowindow,1,-0
Pericyte-2,SET,321,-0.0041314,-5.4361e-4,0.060445,0.52725,Pericyte-2,controls_vascular_EUROPEUKBB_nowindow,1,-0
Pericyte-FB,SET,64,-0.15046,-0.0089032,0.13214,0.87257,Pericyte-FB,controls_vascular_EUROPEUKBB_nowindow,1,-0
Perivascular,SET,59,0.30632,0.017406,0.13056,0.0094878,Perivascular,controls_vascular_EUROPEUKBB_nowindow,0.37002419999999997,0.43176987165523734
Perivascular-FB,SET,102,-0.031937,-0.0023833,0.10319,0.62153,Perivascular-FB,controls_vascular_EUROPEUKBB_nowindow,1,-0
Perivascular-FB-KAZN2,SET,66,-0.080606,-0.0048434,0.13289,0.72792,Perivascular-FB-KAZN2,controls_vascular_EUROPEUKBB_nowindow,1,-0
T-Pericyte,SET,726,0.03398,0.0066474,0.039643,0.19569,T-Pericyte,controls_vascular_EUROPEUKBB_nowindow,1,-0
T-cell-mixed,SET,72,0.30272,0.018995,0.12324,0.0070222,T-cell-mixed,controls_vascular_EUROPEUKBB_nowindow,0.2738658,0.5624621984822415
T-cell-vascular,SET,51,0.44197,0.023354,0.1465,0.0012786,T-cell-vascular,controls_vascular_EUROPEUKBB_nowindow,0.0498654,1.3022006928756553
Trans-Endo-to-mural,SET,20,0.28194,0.0093376,0.22367,0.10374,Trans-Endo-to-mural,controls_vascular_EUROPEUKBB_nowindow,1,-0
Vascular-SMC,SET,479,0.07798,0.012479,0.048509,0.053974,Vascular-SMC,controls_vascular_EUROPEUKBB_nowindow,1,-0
Vascular-SMC-LINC00486,SET,72,-0.020483,-0.0012853,0.12681,0.56416,Vascular-SMC-LINC00486,controls_vascular_EUROPEUKBB_nowindow,1,-0
Venous,SET,588,-0.013287,-0.0023485,0.043301,0.62052,Venous,controls_vascular_EUROPEUKBB_nowindow,1,-0
ambiguous,SET,23,-0.14971,-0.0053166,0.21433,0.75756,ambiguous,controls_vascular_EUROPEUKBB_nowindow,1,-0
low-feature-cells,SET,44,-0.023647,-0.0011608,0.16674,0.55639,low-feature-cells,controls_vascular_EUROPEUKBB_nowindow,1,-0
